ID,Image URL,Title,Price,Address,Date,Description,Usable_Area,Land_Area,Bedrooms,Bathrooms,Legal,Posted_Date,Property_ID
1,https://cloud.mogi.vn/images/2024/10/23/175/03e59271b0b14250b04a038464505ae9.jpg,Biệt thự Vạn Xuân- Đà Lạt 290m2 full xây dựng sở hữu vĩnh viễn,11 tỷ,"Vạn Xuân, Thị Trấn Lạc Dương, Huyện Lạc Dương, Lâm Đồng",23/10/2024,-Khu Đô thị Vạn Xuân là dự án duy nhất nằm dưới chân núi LangBiang Đà Lạt. Cũng là khu đô thị du lịch chưa bao giờ mở bán. Các suất hiện tại là suất ngoại giao. 1. Diện tích đất 290m2 full xây dựng sở hữu vĩnh viễn 2. Nhà biệt thự đã xây xong phần thô gồm 450m diện tích sàn và 140m sân vườn + tường rào + hồ bơi mini Giá bán: Thỏa thuận ZALO/SĐT: 0911281843 - ÁNH TUYẾT_CHUYÊN ĐẤT NỀN ĐÀ LẠT,450 m2,290 m2(10x29),5.0,5.0,Sổ đỏ,23/10/2024,22637696
2,https://cloud.mogi.vn/images/2024/09/23/339/a96e1bfcd94e473d9828641af83cd3a0.jpg,"| 13,5 TỶ | Bán Villa Yersin - Phường 10 - Đà Lạt - Hỗ trợ vay tới 10ỷ",13 tỷ 500 triệu,"Yersin, Phường 10, TP. Đà Lạt, Lâm Đồng",23/09/2024,"| 13,5 TỶ | BÁN VILLA  YERSIN - P10 ĐÀ LẠT - HỖ TRỢ VAY TỚI 10 TỶ  0944 946261 - Anh Kiệt --------------------------------------- cần bán gấp căn villa vị trí đẹp, cách Hồ Xuân Hương, Quảng Trường 600m, chợ Đà Lạt mất 5p đi bộ, 2 mặt hẻm xe tải, khu phố an ninh, khu dân trí cao, gần trường học, nhà  -- Diện tích đẹp 6,4m * 17m phù hợp nghỉ dưỡng hoặc kinh doanh, nhà mới xây đã hoàn công, pháp lí rõ ràng! -- Kết cấu: 1 trẹt, 2 lầu gồm: 1 khách 1 bếp 4 pn 4 wc  Hướng: Nam & Đông  Diện tích đất: 110m2, diện tích sàn: 205m2 ( có thể xây lên 1 tấm nữa và sân thượng)  Giá : 13,5 tỷ thương lượng  Bank : hỗ trợ vay 10 tỷ",205 m2,"110 m2(6,4x17)",4.0,4.0,Sổ hồng,23/09/2024,22627237
3,https://cloud.mogi.vn/images/2024/09/23/349/59bce69619f44c9c92752822b3520945.jpg,Villa Sân Vườn Khu Sang trọng Đường Cô Giang Phường 9 Đà Lạt,14 tỷ,"Quang Trung, Phường 9, TP. Đà Lạt, Lâm Đồng",23/09/2024,"Villa Sân Vườn Khu Sang trọng Đường Cô Giang Phường 9 Đà Lạt Thích Hợp Định Cư Nghỉ Dưỡng Diện tích:200,72m2 ngang 10,50m  Sổ riêng xây dựng hoàn công Thiết kế dạng 1trệt 3p ngủ, với khoảng sân vườn xinh cách đường chính Cô Giang 100m, Khu villa biệt thự sang trọng Cung đường nghỉ dưỡng định cư sang xịn, cách Hồ Xuân Hương Big C  1km  Giá bán :14tỷ Thương lượng chính chủ Liên hệ :0944 946261 - Anh Kiệt",,200 m2(10x20),3.0,3.0,Sổ hồng,23/09/2024,22627360
4,https://cloud.mogi.vn/images/2024/09/19/287/22c563e8497345a89675f8292540af70.jpg,"Cán bán căn Villa như hình gần khu du lịch Hồ Than Thở, P12, Đà Lạt",8 tỷ 700 triệu,"Hồ Xuân Hương, Phường 12, TP. Đà Lạt, Lâm Đồng",19/09/2024,"CẦN BÁN CĂN VILLA NHƯ HÌNH GẦN NGAY KHU DU LỊCH HỒ THAN THỞ P12 ĐÀ LẠT  Diện tích: 157m2, ngang 9m  Giá bán :8 tỉ 700 triệu  Pháp lý: SỔ HỒNG RIÊNG XÂY DỰNG, mua bán công chứng sang tên cho chủ mới Đường ô tô vào đến nhà Có sân nướng BBQ View nhà Lồng  Cách trung tâm , chợ đêm Đà Lạt, Hồ Xuân Hương 6km 10p đi xe.  Cách Hồ Than Thở 100m. Gần các địa điểm: Hồ Than Thở,Xóm Lèo .v.v. Tất cả phòng đều có toilet riêng, 3 phòng Phòng Khách, Bếp, Phòng Ăn, sân BBQ, nội thất sang trọng, hiện đại, đầy đủ tiện nghi Chỗ đậu ô tô 7 chỗ ------------------------------------- Mọi thông tin xin liên hệ Hotline :   Call - Zalo: 0944 946261 - Anh Kiệt",,"157 m2(9x17,4)",3.0,3.0,Sổ hồng,19/09/2024,22626237
5,https://cloud.mogi.vn/images/2024/09/18/012/2dc283c493464e12bc5d80908544054e.jpg,Cần bán khách sạn 2 mặt tiền - Ngay trung tâm - Đà Lạt,19 tỷ 500 triệu,"Thi Sách, Phường 6, TP. Đà Lạt, Lâm Đồng",18/09/2024,"🌈🌈19,5 TỶ CẦN BÁN KHÁCH SẠN 2 MẶT TIỀN- NGAY TRUNG TÂM - ĐÀ LẠT  --------------------------------------- 💥Diện tích: 127,4 m2  Ngang 5 Nở Hậu 5,7m,Dài 25m Diện Tích Thực Tế : 146m 💥Pháp Lý: Sổ Riêng Xây Dựng 💥Đường : Ô tô 💥Hướng: Tây Bắc 💥Vị Trí:  Mặt trước Hẻm Thi Sách ( Mặt Sau Hẻm Hai Bà Trưng) P6, TP Đà Lạt 💥Kết cấu: 1 bán hầm,1 trệt, 2 lầu,1 áp mái ,12 Phòng nội thất hiện đại,Thang máy,PCCC đầy đủ...có sân đậu xe oto 💥Ưu điểm: Lợi thế gần bệnh viện,trường học,nhà hàng,quán cà phê... 💵💵 Giá   19,5 Tỷ Thương Lượng Chính Chủ ☎️☎️ LH 0944 946261 - Anh Kiệt Xin trân trọng cảm ơn quý khách đã xem!!!",,127 m2(5x25),12.0,12.0,Sổ đỏ,18/09/2024,22625968
6,https://cloud.mogi.vn/images/2024/09/18/307/1b2e565052cf450ca5b1221cdbc45059.jpg,"Cần bán nhà mới xây, Vạn Thành, Phường 5",4 tỷ 600 triệu,"Vạn Thành, Phường 5, TP. Đà Lạt, Lâm Đồng",18/09/2024,"CẦN BÁN NHÀ MỚI XÂY - VẠN THÀNH, PHƯỜNG 5, ĐÀ LẠT   Giá bán: 4,6 tỷ  Vị trí: Trung tâm thành phố Đà Lạt, đối diện khu du lịch Sắc Màu Hoa. Cách khu Hòa Bình chưa tới 3km.  Diện tích: 6m x 11m  Pháp lý: Sổ hồng, đầy đủ giấy tờ xây dựng  Kết cấu:   1 trệt, 2 lầu, 3 phòng ngủ, 3 wc nhà mới xây năm 2022   Đường trước nhà rộng 6m, ô tô tải di chuyển dễ dàng Ưu điểm: Vị trí trung tâm, thuận tiện di chuyển, nhà mới hoàn toàn, phù hợp để ở hoặc đầu tư kinh doanh.",,66 m2(6x11),3.0,3.0,Sổ hồng,18/09/2024,22625983
7,https://cloud.mogi.vn/images/2024/09/16/201/f7064d5b06b94274b94bb9990e4769da.jpg,"Bán đất tặng nhà đường Ô tô tới nhà, Phường 3, Đà Lạt",6 tỷ,"Trần Phú, Phường 3, TP. Đà Lạt, Lâm Đồng",16/09/2024,"| 6 TỶ | BÁN ĐẤT TẶNG NHÀ ĐƯỜNG TRẦN PHÚ Ô TÔ TỚI NHÀ. 0944 946261- Anh Kiệt --------------------------------------- Cần bán nhà đường Trần Phú, Phường 03, TP Đà Lạt. - Diện tích: 100,79 m, ngang: 6m. - Pháp lý: Sổ hồng - Trên đất có nhà cấp 4 gồm 1PK 1 bếp và 2 PN còn rất mới. - Đường ô tô 3m, khu vực dân cư đông đúc. - Gần trường, cách chợ trung tâm 1km.  Giá: 6 tỷ lại lộc",,"100 m2(6x16,6)",2.0,1.0,Sổ hồng,16/09/2024,22625070
8,https://cloud.mogi.vn/images/2024/09/14/248/318fd297a052413f93b02429ed476a4a.jpg,"🌈🌈Bán nhà đường nhựa 5m nguyễn siêu, 2 mặt tiền 7t5!",7 tỷ 500 triệu,"Nguyễn Siêu, Phường 7, TP. Đà Lạt, Lâm Đồng",14/09/2024,"🌈🌈Bán nhà đường nhựa 5m nguyễn siêu, 2 mặt tiền 7t5! 🌈🌈Sổ riêng xây dựng 96,04 mv 🔥🔥Nhà gồm 5 phòng ngủ (toilet riêng từng phòng, tất cả các phòng đều có cửa sổ thoáng), 6 toilet, 1 phòng thờ, sân phơi rộng, hệ thống nóng lạnh, chống thấm tuyệt đối, khách bếp hiện đại, sân đậu xe hơi, đường rộng hơn trong sổ (4m, xe hơi vi vu), view đẹp ❤️ 🎯🎯 giá bán. 7,5 tỷ thương lượng  ☎️ ☎️ 0944 946261 - Anh Kiệt",,"96 m2(5x19,2)",5.0,6.0,Sổ đỏ,14/09/2024,22624363
9,https://cloud.mogi.vn/images/2024/08/12/556/5b215a02befc426a963e25fe67b10f25.jpg,"Bán nhà trung tâm thành phố Bảo Lộc, Lộc Tiến",4 tỷ 999 triệu,"Phùng Hưng, Phường Lộc Tiến, TP. Bảo Lộc, Lâm Đồng",11/09/2024,"Chào mừng bạn đến với ngôi nhà mơ ước của mình! Ngôi nhà 4 phòng ngủ, 4 phòng tắm tuyệt đẹp này mang đến sự kết hợp hoàn hảo giữa sang trọng hiện đại và vẻ đẹp thiên nhiên phong cách nghỉ dưỡng. Nằm trong khu phố 134 Phùng Hưng, Bảo Lộc được nhiều người ưa chuộng, đây là nơi lý tưởng cho những ai đánh giá cao cuộc sống chất lượng. Đặc điểm nổi bật: - Vị trí đắc địa: Chỉ cách trung tâm Bảo Lộc vài phút, gần các trường học hàng đầu, trung tâm mua sắm, và các trục đường chính, giúp việc di chuyển hàng ngày của bạn trở nên thuận tiện. - Bố trí rộng rãi: Với diện tích sử dụng 150 m², ngôi nhà này mang đến một không gian sống đón nhiều ánh sáng tự nhiên. - Khu vườn riêng biệt: Bước ra ngoài để tận hưởng khu vườn được thiết kế cảnh quan tuyệt đẹp, với sân hiên được xây dựng theo yêu cầu, lý tưởng cho những buổi tiệc BBQ mùa hè và những buổi tối thư giãn. - 4 Phòng ngủ sang trọng: Tận hưởng sự yên bình trong 4 phòng ngủ, với phòng tắm riêng, tủ quần áo rộng rãi. Thích hợp cho gia đình hoặc nhóm bạn tham quan nghỉ dưỡng cuối tuần. - Tiết kiệm năng lượng: Ngôi nhà được trang bị hệ thống máy nước nóng pin mặt trời, cửa sổ tiết kiệm năng lượng, và hệ thống nhà thông minh, vừa bền vững vừa phong cách. Tại sao bạn sẽ yêu thích ngôi nhà này: Ngôi nhà này không chỉ là một nơi ở mà là một phong cách sống. Với sự kết hợp giữa tiện nghi, phong cách và sự tiện lợi, nó mang đến cơ hội độc đáo để sống trong một trong những khu vực đáng mơ ước nhất của Bảo Lộc. Dù bạn muốn tổ chức tiệc, nuôi dạy con cái, hay đơn giản là tận hưởng những điều tốt đẹp trong cuộc sống, ngôi nhà này có tất cả. - Hoa hồng cho người giới thiệu Liên hệ 0982434443",600 m2,522 m2(26x26),4.0,4.0,Giấy tờ hợp lệ,11/09/2024,22614888
10,https://cloud.mogi.vn/images/2024/09/11/232/d331185c045c4b37a27dc3e173d45125.jpg,Giảm tiếp cần  bán gấp nhà La Sơn Phu Tử Phường 6 ĐÀ LẠT,6 tỷ 200 triệu,"La Sơn PhuTử	, Phường 6, TP. Đà Lạt, Lâm Đồng",11/09/2024,"Giảm tiếp cần  bán gấp nhà La Sơn Phu Tử Phường 6 ĐÀ LẠT còn 6,2tỷ - Diện tích : 81m2  -Sổ riêng xây dựng Hoàn công - Kết cấu : 1trệt 1 lầu 1 áp gồm 3pn , 1 phòng thờ , 2wc 1pk , 1 bếp nhà còn mới nội thất sịn sò . Hẻm oto 3m có bãi đậu cách nhà 5m . Khu vực dân cư đông đúc , gần chợ gần trường học bệnh viện đa tiện ích ….. di chuyển thuận tiện .. -Giá bán : 6,2tỷ Thương lượng chính chủ - Liên hệ : 0944 946261 - Anh Kiệt để xem nhà và nắm thông tin ……",,81 m2(5x16),3.0,2.0,Sổ hồng,11/09/2024,22623385
11,https://cloud.mogi.vn/images/2024/08/20/434/0fd701975cc54f7f9ec4db455a31ca1f.jpg,Cần bán nhà góc 2 mặt tiền hẻm oto NGÔ THÌ SỸ giao NGÔ THÌ NHẬM,2 tỷ 450 triệu,"Ngô Thì Sỹ, Phường 4, TP. Đà Lạt, Lâm Đồng",10/09/2024,Cần bán nhà góc 2 mặt tiền hẻm oto NGÔ THÌ SỸ giao NGÔ THÌ NHẬM  Nhà 42m2 đất - 125m2 sử dụng | 4 phòng ngủ - 3 tolet - nhà xây kiên cố - sàn đúc bê tông. View thoáng đẹp. Nhà đẹp đang cho thuê 8tr 1 tháng. Giá 2tỷ450tr  Ưu điểm là cách chợ ĐÀ LẠT 2km - gần chợ ĐỒNG TÂM. Khu dân cư đông đúc. Bán kính 1km đủ tất cả tiện ích. Có mảnh thông xanh và view đẹp (nhà căn góc 2 mặt tiền) mua bán ra thừa phát lại. Liên hệ: 0944 946261 - Anh Kiệt,125 m2,"42 m2(5x8,4)",4.0,3.0,Hợp đồng mua bán,10/09/2024,22617477
12,https://cloud.mogi.vn/images/2024/08/25/237/0e258b2fd3b54771bcc70cbb73445869.jpg,"🎯🎯Bán homestay Hẻm 27 Lê Hồng Phong, Phường 4, Tp Đà Lạt. Homestay 3",6 tỷ 800 triệu,"Lê Hồng Phong, Phường 4, TP. Đà Lạt, Lâm Đồng",10/09/2024,"🎯🎯Bán homestay Hẻm 27 Lê Hồng Phong, Phường 4, Tp Đà Lạt. Homestay 3 mặt tiền hẻm Oto vô tận nơi 🌹Hiện đang kinh doanh homestay thu nhập ổn định hơn 20tr/tháng 🏣Kết cấu: 1 trệt + gác lửng (1 PN, gác, 1 phòng khách, 1 phòng bếp, 1 wc.) ⛰Diện tích đất 120 m2 (8x15)  🏰 Đã có sẵn giấy phép xây dựng 1 trệt + 5 lầu 🔭View cực thoáng 📋Pháp lí: sổ hồng riêng, sang tên chính chủ. 🛣Lợi thế: hẻm xe oto vô tận nhà, Cạnh khách sạn Ô Cửa Mùa Thu ,View thoáng. Khu vực đông dân cư, sầm uất, thuận lợi xây dựng khách sạn, nhà ở. 💲Giá chỉ 6,8tỷ TLCC  ☎️0944 946261 - Anh Kiệt (Liên hệ để dược tư vấn)",,120 m2(8x15),1.0,1.0,Sổ hồng,10/09/2024,22618988
13,https://cloud.mogi.vn/images/2024/08/18/437/e2191f428de142168ccbe8ec0fe647bf.jpg,"Bán căn nhà đẹp Phường 9, Đà Lạt",3 tỷ 200 triệu,"Hồ Xuân Hương, Phường 9, TP. Đà Lạt, Lâm Đồng",10/09/2024,"BÁN CĂN NHÀ ĐẸP MỚI XÂY PHƯỜNG 9 , ĐÀ LẠT 📚 Pháp Lí Rõ Ràng  💰 Giá bán: 3 tỷ 200 thương lượng nhẹ Hẻm xe ô tô 3m, cách đường lớn chỉ 50m, oto tới nhà, có sân đậu oto  🏡 Kết cấu : 1trệt 1lầu kiên cố. Có 3p ngủ, khách, bếp, phòng thờ, 2wc. có phòng ngủ tầng trệt , sân thượng rộng rãi có thể làm thêm phòng ….  Diện tích: 78m2 ( ngang 4,5m dài 17,5m) ------------------------------------- Mọi thông tin xin liên hệ  ☎️☎️ Call : 0944 946261 - Anh Kiệt",150 m2,"78 m2(4,5x17,5)",3.0,2.0,Hợp đồng mua bán,10/09/2024,22616801
14,https://cloud.mogi.vn/images/2024/08/15/599/6b5fc8dcbb164a96ac028f48ead3f70d.jpg,"Bán Nhà Nam Hồ, P11, Đà Lạt  - giá siêu tốt trong khu vực",4 tỷ 600 triệu,"Nam Hồ, Phường 11, TP. Đà Lạt, Lâm Đồng",10/09/2024,"Bán Nhà Nam Hồ, P11, Đà Lạt  - Diện tích 62m2 - Kết cấu 1 hầm, 1 trệt, 2 lầu - Gồm 5 phòng ngủ, 6 wc, phòng khách, nhà bếp, sân đậu oto... - Sổ xây dựng phân quyền 3 nhà, mỗi nhà 1 sổ - Hướng Tây Bắc - Đường oto dễ đi cách đường chính Nam Hồ 30m - Giá: 4,6 tỷ (TLCC) Liên hệ: 0944 946261 - Anh Kiệt",250 m2,"62 m2(5x12,4)",5.0,6.0,Sổ đỏ,10/09/2024,22615924
15,https://cloud.mogi.vn/images/2024/08/22/569/43539a957ae54bbc8e3ad417ba43490a.jpg,Ngộp ngân hàng - Hạ giá cần bán gấp biệt thự p12,8 tỷ 100 triệu,"Huỳnh Tấn Phát, Phường 12, TP. Đà Lạt, Lâm Đồng",10/09/2024,Ngộp ngân hàng - Hạ giá cần bán gấp biệt thự p12  giá biệt thự hoàn công giá 10.5 tỷ nay xuống chỉ còn 8t100tr toạ lạc tại P12 với thiết kế xịn sò thoáng mát với 6p ngủ víp có bồn tắm và nội thất thiết kế sang chảnh - Dốc Hòn Bồ - Đường Huỳnh Tấn Phát chạy vào 1km - Diện tích 200m2 đường ôtô thông thoáng - Kết nối trung tâm thành phố 6km Giá 8t100tr  Liên hệ để tư vấn: 0944 946261- Anh Kiệt,,200 m2(10x20),6.0,3.0,Sổ hồng,10/09/2024,22618191
16,https://cloud.mogi.vn/images/2024/08/30/492/caa4a825754f4fd2b1c55465dc4ba2a9.jpg,Bán nhà hẻm Lê Hồng Phong đường ô tô,6 tỷ 200 triệu,"Lê Hồng Phong, Phường 4, TP. Đà Lạt, Lâm Đồng",10/09/2024,"🔥🔥 BÁN NHÀ HẺM LÊ HỒNG PHONG ĐƯỜNG Ô TÔ  Liên Hệ: 0944 946261 - Anh Kiệt ------------------------------------------------ - Diện tích: 62.30 m2 Ngang 4,4 m  - Pháp Lý: sổ riêng xây dựng  - Đường đường ô tô 3 m tới nhà  - Hướng: Nam  - Vị Trí: Phường 4 - Đà Lạt - Kết cấu: 1 trệt 1 lầu 1 áp - 3p ngủ 4 wc p khách bếp rông rãi - có gẩ ô tô  - Ưu điểm: ngay trung tâm đường dễ đi  💵💵 Giá 6,2 tỷ thương lượng chính chủ  (Giá ~100 /m2) Xin trân trọng cảm ơn quý khách đã xem !!!",,"62 m2(4,4x14)",3.0,4.0,Sổ đỏ,10/09/2024,22620348
17,https://cloud.mogi.vn/images/2024/08/31/544/69d1a3f7a0094fc69117488fd6fca241.jpg,Bán gấp nhà mặt tiền Nguyên Tử Lực Phường 8 Đà Lạt,13 tỷ 300 triệu,"Nguyên Tử Lực, Phường 8, TP. Đà Lạt, Lâm Đồng",10/09/2024,"Bán gấp nhà mặt tiền Nguyên Tử Lực Phường 8 Đà Lạt -Diện tích : 113m² ngang 8m thực tế 170m -Sổ riêng xây dựng - Kết cấu nhà gồm 1 hầm 1 trệt 1 lầu gồm 1pk 1 bếp rộng , 3pn 1 phòng thờ 4wc sân đậu oto thoải mái . Mặt tiền đường chính ngay khu dân cư đông đúc thuận tiện kinh doanh đa ngành nghề. Đầu tư sinh lời cao .. Giá bán : 13,3tỷ Thương lượng chính chủ",,113 m2(8x14),3.0,4.0,Sổ đỏ,10/09/2024,22620576
18,https://cloud.mogi.vn/images/2024/09/04/265/7230477d4d0d4295862e597e6bf28954.jpg,Bán nhà đẹp Cao Thắng Phường 7 Đà Lạt 3tỷ 800tr,3 tỷ 800 triệu,"Bạch Đằng, Phường 7, TP. Đà Lạt, Lâm Đồng",10/09/2024,"Bán nhà đẹp Cao Thắng Phường 7 Đà Lạt 3tỷ 800tr  -Diện tích : 77m2 (5,5x 14)  -Sổ xây dựng phân quyền 2 nhà  -Kết cấu : 1 trệt 1 lầu gồm 1pk 1bếp 1kho 1 phòng thờ , 4pn - 2wc  đường oto 4m tận nhà bằng phẳng khu vực dân cư đông đúc hiện hữu . Thích hơp ở hộ gia đình định cư lâu dài …… Giá bán 3tỷ 800 thương lượng chính chủ  Liên hệ : 0944 946261 - Anh Kiệt",150 m2,"77 m2(5,5x14)",4.0,2.0,Sổ đỏ,10/09/2024,22621117
19,https://cloud.mogi.vn/images/2024/09/06/155/bdc15d224d1d49f2953fbdcff6d89528.jpg,"Nhà mới sổ riêng xây dựng, La Sơn Phu Tử, P6, Đà Lạt",4 tỷ 500 triệu,"La Sơn PhuTử	, Phường 6, TP. Đà Lạt, Lâm Đồng",10/09/2024,"Nhà mới sổ riêng xây dựng  Vị trí La Sơn Phu Tử, P6, Đà Lạt => Giá 4.5 tỷ - Sổ riêng xây dựng, full nội thất - Kết cấu 1 trệt, 2 lầu (4 phòng ngủ, 5 wc, phòng khách, bếp...) - Diện tích 50m2, DT sử dụng 150m2 - Đường xe máy bằng phẳng dễ đi cách đường chính 20m - Bãi đậu xe oto cạnh nhà 20m - Vị trí gần chợ, khu liên hợp thể thao tỉnh, đủ tiện ích xung quanh... ☎️Liên hệ 0944 946261 - Anh Kiệt",150 m2,50 m2(5x10),4.0,5.0,Sổ đỏ,10/09/2024,22621966
20,https://cloud.mogi.vn/images/2024/09/09/328/cbac0186250042109ca068bbb7221787.jpg,"Cần bán nhà SRXD mới hoàn thiện, mặt tiền đường Ngô Thì Nhậm, Phường 4",7 tỷ 200 triệu,"Ngô Thì Nhậm, Phường 4, TP. Đà Lạt, Lâm Đồng",10/09/2024,"👉👉 CẦN BÁN HOẶC CHO THUÊ CĂN NHÀ SRXD MỚI HOÀN THIỆN MẶT TIỀN ĐƯỜNG NGÔ THÌ NHẬM P4 TP ĐÀ LẠT 🔊🔊 ☎️ 0944 946261 - Anh Kiệt  ---------------------------------------- 🍓 Diện tích 76,6m². Sổ hồng riêng xây dựng. Hướng Tây... 🍓 Nhà xây kiên cố, móng trụ xây được 5 tầng ! 🍓 Kết cấu nhà 1 trệt 1 lầu, 1 áp mái... Gồm 1 phòng khách, 3 phòng ngủ, 3wc, 1 bếp, sân thượng ngắm view, sân sau giặt phơi, sân đậu ô tô rộng rãi... 👉 Khu vực dân cư đông đúc, ra trường học, chợ đều gần. Nằm mặt tiền đường nhựa lớn nên thích hơp mua để nghỉ dưỡng , định cư hoặc làm văn phòng... 💰 GIÁ BÁN 7,2 TỶ  🎈 Giá cho thuê 15 triệu/tháng Xin trân trọng cảm ơn quý khách đã xem !!!",,"77 m2(5x15,4)",3.0,3.0,Sổ hồng,10/09/2024,22622763
21,https://cloud.mogi.vn/images/2024/09/10/320/bb8b3007b5524c1ab2894a02f7dd0fd1.jpg,Hạ bán nhanh nhà Hùng Vương 110m2 - XDPQ - Đường ô tô,4 tỷ 200 triệu,"Hùng Vương, Phường 10, TP. Đà Lạt, Lâm Đồng",10/09/2024,"🌈🌈 | 4,2 TỶ | CHỦ HẠ BÁN NHANH NHÀ HÙNG VƯƠNG 110 M2 - XDPQ - ĐƯỜNG THÔNG Ô TÔ. ☎️ 0944 946261 - Anh Kiệt --------------------------------------- - Diện tích: 110m². Ngang 5m x dài 22m...  - Pháp lý: Sổ xây dựng phân quyền - Kết cấu 1 trệt, 1 lầu... Gồm 1 p.khách, 3 pngủ, 1 p thờ, bếp, phòng ăn.4 wc,  - Sân trước đậu ô tô. Sân sau trồng rau nuôi gà  - Đường thông thoáng 2 chiều, đi đường Dinh 1 và đường Hùng Vương vào... View thoáng đẹp yên tĩnh,  - Căn nhà đầy đủ tiện nghi, chỉ dọn vào là ở ngay... Để lại nội thất... 💲💲 GIÁ BÁN 4, 2TỶ.",,110 m2(5x22),3.0,4.0,Sổ đỏ,10/09/2024,22623230
22,https://cloud.mogi.vn/images/2024/08/26/456/8cf90b45ee814f3b808bd811104438cf.jpg,"Chính chủ "" Bán Nhà Phố 9M Ngang Mặt Tiền "" Phan Chu Trinh Tp .Đà Lạt",28 tỷ,"Phan Chu Trinh, Phường 9, TP. Đà Lạt, Lâm Đồng",26/08/2024,"✴️ CHÍNH CHỦ CẦN BÁN - NHÀ MẶT PHỐ 9 MÉT NGANG ĐÀ LẠT *Địa chỉ cũ : 183 Phan Chu Trinh , Phường 9 , TP Đà Lạt * Địa chỉ mới: 20B Phan Chu Trinh Phường 9, TP Đà lạt Diện tích : ngang 9 x  dài 16,62 Tổng diện tích đất : 183,62 m2 🔴 Giá bán : 28 TỶ Kết Cấu : 1 Trệt - 1 Lầu + Áp mái + Sân thượng . *Phòng Ngủ : 16 Phòng *Phòng khách : 1 * Wc : 15 * Kho : 1 * Hầm : 1 ( Xe otô rộng rãi ) *Mời 500 anh em môi giới thiệu giúp ạ.",149 m2,183 m2(9x16),16.0,16.0,Sổ hồng,26/08/2024,22619170
23,https://cloud.mogi.vn/images/2024/08/19/355/ff3c95d58fbd47e1b5a385ba0219501d.jpg,Bán nhà Sân vườn trái cây (đã có thu) tại - Hẻm Phan Chu Trinh - P.Lộc,3 tỷ 650 triệu,"Bảo Lộc, Phường Lộc Tiến, TP. Bảo Lộc, Lâm Đồng",19/08/2024,"Nhận chính chủ:  Bán nhà Sân vườn trái cây (đã có thu) tại - Hẻm Phan Chu Trinh - P.Lộc Tiến - Tp.Bảo Lộc - DT: 1.161m² - đất bằng- thế đất nở hậu - Gồm 1 căn nhà mới ( 90m2) thiết kế 2 phòng ngủ ,1p khách ,1 wc và gara oto vào sân vườn cây ăn trái, nhà chòi... Giá:  3,65 tỷ  LH: 0909 647079 Xin cảm ơn!",1160 m2,1161 m2(50x23),2.0,1.0,Sổ hồng,19/08/2024,22617103
24,https://cloud.mogi.vn/images/2024/08/15/048/184d0eb3645a480ea173c760387f2362.jpg,Bán nhà c4 có thổ cư- hẻm 50 ( PHỞ LẬP) đường ô tô- 1 /5  CAO ĐẲNG,1 tỷ 600 triệu,"Bảo Lộc, Phường BLao, TP. Bảo Lộc, Lâm Đồng",15/08/2024,"Bán nhà c4 có thổ cư- hẻm 50 ( PHỞ LẬP) đường ô tô- 1 /5 trường CAO ĐẲNG đi vào 300m - Diện tích : 7x30 có 100m2 thổ - Đã có 1 căn nhà cấp 4, vào ở liền - Đường nhựa 6m hơi dốc nhẹ Giá : 1 tỷ 6 buông sổ  Liên hệ: 0909647079 Xin cảm ơn!",210 m2,210 m2(7x30),2.0,1.0,Sổ hồng,15/08/2024,22615998
25,https://cloud.mogi.vn/images/2024/07/10/280/82bb013473c54748baa850b2ee310ecc.jpg,Bán nhà Sân vườn trái cây (đã có thu) tại - Hẻm Phan Chu Trinh - P.Lộc,4 tỷ 299 triệu,"Phan Chu Trinh, Phường Lộc Tiến, TP. Bảo Lộc, Lâm Đồng",09/08/2024,"Nhận chính chủ:  Bán nhà Sân vườn trái cây (đã có thu) tại - Hẻm Phan Chu Trinh - P.Lộc Tiến - Tp.Bảo Lộc - DT: 1.161m² - đất bằng- thế đất nở hậu - Gồm 1 căn nhà mới ( 90m2) thiết kế 2 phòng ngủ ,1p khách ,1 wc và gara oto vào sân vườn cây ăn trái, nhà chòi... Giá :4,3tỷ thương lượng LH: 0909 647079 Xin cảm ơn!",1161 m2,1161 m2(20x50),2.0,1.0,Sổ hồng,09/08/2024,22597583
26,https://cloud.mogi.vn/images/2024/08/09/557/d07e6cbf18bc4feeb5982ae6a9bdc697.jpg,"Nhận Chính chủ: Bán nhà có thổ cư, hẻm đầu đường 1/5 cách Ql20 300m",2 tỷ 259 triệu,"Bảo Lộc, Phường BLao, TP. Bảo Lộc, Lâm Đồng",09/08/2024,"Nhận Chính chủ: Bán nhà có thổ cư, hẻm đầu đường 1/5 cách Ql20 300m - DT: 64m². Có 40m² thổ cư. DTSD: 100m². - Nhà thiết kế 1 trệt 1 lửng gồm phòng khách, bếp, sân trước, 2PN, 2WC, phòng thờ. - Để lại 80% nội thất xinh xắn. - Vị trí ngay trung tâm, cách đường 1/5 chỉ 20m. - Nhà nhỏ gọn. Thích hợp cho vợ chồng trẻ.  Giá bán chỉ 2,26 tỷ có TL. Liên hệ: 0909647079 Xin cảm ơn!",64 m2,64 m2(5x13),2.0,1.0,Sổ hồng,09/08/2024,22613798
27,https://cloud.mogi.vn/images/2024/08/09/058/29507fad258c4c25952884034b6b881d.jpg,"Bán Nhà hẻm ô tô đường 1/5 Phường Blao, Tp Bảo Lộc",1 tỷ 200 triệu,"Bảo Lộc, Phường BLao, TP. Bảo Lộc, Lâm Đồng",09/08/2024,"Bán Nhà hẻm ô tô đường 1/5 Phường Blao, Tp Bảo Lộc  - DT: 99m2, qhtc  - Thiết kế: Phòng khách, bếp, 2pn, wc,  Nhà mới sạch sẽ,  dân cư đông.  - Vi trí: trung  tâm, Cách Ql 20 khoảng 800m Giá 1ty2 bớt lộc  Liên hệ: 0909647079 Xin cảm ơn!",99 m2,99 m2(5x19),2.0,1.0,Sổ hồng,09/08/2024,22613805
28,https://cloud.mogi.vn/images/2024/08/03/121/2bbe168321e24a3bb8b3210ed385520f.jpg,"Bán căn nhà Kinh doanh full TC - Mặt tiền Đội Cấn, Lộc Sơn, Bảo Lộc",3 tỷ 499 triệu,"Bảo Lộc, Phường Lộc Sơn, TP. Bảo Lộc, Lâm Đồng",03/08/2024,"Nhận chính chủ: Bán căn nhà Kinh doanh - Mặt tiền Đội Cấn, Lộc Sơn, Bảo Lộc  - DT: 4,5x24,5m, 110m2, full đất ở - Có căn nhà nhỏ kinh doanh: gồm 2 phòng ngủ, bếp, nhà tắm, wc, sân sau, thế đất cao. - Mặt tiền đường lớn rộng 14m, ở hoặc kinh doanh, buôn bán đều thuận tiện. Giá Bán luôn: 3,5 tỷ Liên hệ: 0909647079 Xin cảm ơn!",109 m2,"110 m2(4,5x24,5)",2.0,1.0,Sổ hồng,03/08/2024,22611248
29,https://cloud.mogi.vn/images/2024/08/03/152/74e39ef300a14e4d83bf5531368dfc72.jpg,"Bán nhà  full thổ cư gần Ngay nhà thờ Tân Bùi, Lộc Châu, Bảo lộc",1 tỷ 900 triệu,"Bảo Lộc, Lộc Châu, TP. Bảo Lộc, Lâm Đồng",03/08/2024,"Nhận chính chủ:  - DT: 6x21,5 m2, 123m2 thổ cư  - Nhà cấp 3, Thiết kế 1 trệt, 1 lầu,  phòng khách, bếp, 3pn, 2wc... - Sổ sách đầy đủ nhà ngay trung tâm Giá bán: 1,9 tỷ Liên hệ: 0909647079  Xin cảm ơn!",120 m2,120 m2(6x20),3.0,2.0,Sổ hồng,03/08/2024,22611249
30,https://cloud.mogi.vn/images/2024/08/03/183/0f78ad033e17461784511cad1fd04bdf.jpg,Nhà khu Nam Phương city- Lôc Phát  Khu đô thị hạ tầng đẹp nhất Tp BL,3 tỷ 499 triệu,"Bảo Lộc, Phường Lộc Phát, TP. Bảo Lộc, Lâm Đồng",03/08/2024,"- Dt 5x19 full thổ cư + hoàn công thiết kế hiện đại  - 1 trệt 1 lầu kiên cố gồm: phòng khách, bếp, 3pn, 2wc, sân ô tô rộng, 2 m thoát hiểm phía sau thoáng.....  Giá 3tỷ 100tr  LH: 0909647079 Xin cảm ơn!",95 m2,95 m2(5x19),3.0,2.0,Sổ hồng,03/08/2024,22611250
31,https://cloud.mogi.vn/images/2024/07/29/387/b8137643f06a4cf8b5b6c8aa675c6c74.jpg,"Bán đất tặng nhà nhỏ hẻm ô tô đầu Mạc Đĩnh Chi, phường 2, Bảo Lộc",1 tỷ 250 triệu,"Bảo Lộc, Phường 2, TP. Bảo Lộc, Lâm Đồng",29/07/2024,"Bán đất tặng nhà nhỏ hẻm ô tô đầu Mạc Đĩnh Chi - DT: 4,3x18,5m. Nn quy hoạch Đất ở. - Nhà nhỏ, sơn sửa lại là đẹp ngay, có thể cho vợ chồng trẻ ít tc, cho thuê... - Đường hẻm ô tô, khu đông dân cư, điện nước đầy đủ... Giá bán: 1,25 tỷ. Liên hệ: 0909647079 Xin cảm ơn!",80 m2,"80 m2(4,3x18,5)",1.0,1.0,Sổ đỏ,29/07/2024,22608886
32,https://cloud.mogi.vn/images/2024/07/29/360/33c5e33e15af41f09f6a010cf1cb92c7.jpg,Cần Bán HomeStay trên núi đại Bình gần Bình Minh Luxury,8 tỷ 500 triệu,"đường Liên Xã, Xã Lộc Thành, Huyện Bảo Lâm, Lâm Đồng",29/07/2024,"Cần Bán HomeStay trên núi đại Bình gần Bình Minh Luxury + Hệ homestay săn mây tuyệt đỉnh. + Tổng diện tích 10.768m2 (gần 1.1ha) + Gồm 1 phòng lớn sức chứa 10-12 người & 3 phòng đơn, wc riêng  + Sân vườn, trang trí cảnh quan, phục vụ giải trí + Đường bê tông xe hơi lên tận nơi, đang hoạt động cho thuê ổn CẦN BÁN với giá 8.5 tỷ  có thương lượng LH 0909647079 Xin cảm ơn!",10767 m2,10768 m2(50x200),3.0,5.0,Sổ đỏ,29/07/2024,22608881
33,,Nhà mới xây 4 tầng ngay trung tâm Tp Đà Lạt,7 tỷ 600 triệu,"Mai Hắc Đế, Phường 6, TP. Đà Lạt, Lâm Đồng",28/07/2024,"Nhà Đường Mai Hắc Đế ngay trung tâm Thành Phố Đà Lạt  Khu tập trung đông dân cư, an ninh tốt, đầy đủ tiện ích xã hội.  Diện tích 73m² , ngang 4,2m , nở hậu  Kết cấu 1 trệt 3 lầu Gồm : sân đậu xe ô tô, 1p khách , 1 bếp , toilet , 6p ngủ có wc trong. Có sân phơi  Sổ riêng xây dựng Hướng: Tây Nam Đường bê tông 4m ô tô đậu trong sân Tặng chủ mới nội thất 6 phòng ngủ  Gần ngay Bện viên đa khoa Tỉnh Lâm Đồng. Ra hồ Xuân Hương chỉ 8p chạy xe. Giá 7,6 tỷ . Liên hệ zalo 07.999.38.636 để biết thêm chi tiết",300 m2,"73 m2(4,2x17,4)",6.0,7.0,Sổ hồng,28/07/2024,22608442
34,https://cloud.mogi.vn/images/2024/07/27/289/130996d9b46a485fb7947bc392e506d9.jpg,"bán nhà đẹp, có thổ cư, hẻm ô tô, Phan chu Trinh, Bảo Lộc",2 tỷ,"Phan Chu Trinh, Phường Lộc Tiến, TP. Bảo Lộc, Lâm Đồng",27/07/2024,"Nhận chính chủ:  Bán căn nhà mới đẹp hẻm 29 Phan Chu Trinh, Phường Lộc Tiến, tp Bảo Lộc  - DT: 173m² có 130m² thổ cư  - Thiết kế Nhà gồm: 1 phòng khách , 2 phòng ngủ , 1 Gác lửng , wc, sân ôtô... - Khu dân cư, gần chợ, trường học, Giáo Xứ Tân Hà... đường nhựa ôtô tránh nhau  GIÁ BÁN: 2 TỶ (để lại toàn bộ nội thất trong nhà còn rất mới ) Lh: 0909647079 Xin cảm ơn ạ!",173 m2,173 m2(45x38),2.0,1.0,Sổ hồng,27/07/2024,22608214
35,https://cloud.mogi.vn/images/2023/12/03/444/9226efdb8ef7431a88b622ae87e4a7a8.jpg,"Bán Nhà 2PN DT 5x23m Gần Chợ Liên Nghĩa Giá 1,4ty qúa Rẻ",1 tỷ 400 triệu,"TT Liên Nghĩa, Liên Nghĩa, Huyện Đức Trọng, Lâm Đồng",26/07/2024,"Bán nhà 2PN gần chợ liên nghĩa , Đức Trọng  Khu dân cư đông đúc  Dt 5x23m  Giá 1,4ty giá cũ 1,9ty Gần chợ, trường học Kim Đồng  Mua ở, đầu tư cho thuê Cách sân bay 5 phút Liên hệ mr thành 0933.322.568 chuyên nhà đất Đức Trọng để biết thêm thông tin",120 m2,120 m2(5x23),2.0,1.0,Sổ đỏ,26/07/2024,22422677
36,https://cloud.mogi.vn/images/2023/09/13/225/323d75cb47d5478f91ea1d0388859e64.jpg,Bán Nhà 3PN liên hiệp 5x47m tc75m2 Gần Sân bay Liên Khương,2 tỷ 300 triệu,"Quốc Lộ 20, Liên Hiệp, Huyện Đức Trọng, Lâm Đồng",23/07/2024,"Chuyển đổi nơi ở bán căn nhà tâm huyết Nhà thiết kế 3PN mới xây sáng trọng Đường oto, sân oto, phía sau có sân vườn Đt 5x47m tc75m2 Giá 2,3ty Sổ hồng riêng biệt  Nhà cách sân bay Liên Khương 10 phút Cách đà lạt 35phut Mua về ở ngay A chị quan tâm liên hê sđt 0933322568 hoặc Zalo",220 m2,220 m2(5x46),3.0,2.0,Sổ hồng,23/07/2024,22333892
37,https://cloud.mogi.vn/images/2023/07/10/011/eb489b4d7a374ac3912803d747a14559.jpg,Bán Nhà Siêu Rộng 3PN DT 8x40m tc100m2 Sau Chợ Phú Hội Đức Trọng,2 tỷ 500 triệu,"Quốc Lộ 20, Xã Phú Hội, Huyện Đức Trọng, Lâm Đồng",23/07/2024,"bán  căn nhà có diện tích 8x40m có thổ cư 100m2 Khu dân cư phú hội  Căn nhà có 3 phòng ngủ, Không gian bếp rộng rãi Sân Để 2-3 oto, đường bê tông oto vào tận nơi  Khu vực cũng chỉ cách sân bay Liên Khương khoảng 10 phút di chuyển. Cách TP đà lạt 35 phút Vị trí: Nhà nằm gần chợ Phú Hội, trường tiểu học phú hội... Phù hợp nghỉ dưỡng, đầu tư , mua ở . Liên hệ ngay 0933322568 để biết thêm thông tin",320 m2,320 m2(8x40),3.0,1.0,Sổ hồng,23/07/2024,22245164
38,https://cloud.mogi.vn/images/2023/02/18/588/d87a8ca0125c4a2e842fdfb5d8b8b93e.jpg,Bán Đất TT Liên Nghĩa 5x23m tc72m Giá Chỉ 970tr,970 triệu,"Quốc Lộ 20, Liên Nghĩa, Huyện Đức Trọng, Lâm Đồng",23/07/2024,"Bán Lô Đất TT Liên Nghĩa Đường Nhựa 7m Cách Sân Bay Liên Khương 5km >> Diện tích: 5x23m sẵn 75m thổ cư -- Đường Oto xe hơi vào tận nơi >> Có 2 Lô Liền Kề 10m >> Vị trí nằm cách chợ, sân bay Liên Khương chỉ 10p  >> Cách trung tâm hành chính Mới Tỉnh Lâm Đồng 1,5km >> Cách Đà Lạt 35 phút   >> Thích hợp để xây nhà ở nghỉ dưỡng – đầu tư lâu sinh lời cao  Giá chỉ 1 tỉ  Liên hệ Ngay : để được tư vấn miễn phí",119 m2,119 m2(5x23),,,Sổ hồng,23/07/2024,22016989
39,https://cloud.mogi.vn/images/2023/11/13/246/528061bbea384a9eb435030da7f81ef6.jpg,Bán Đất tặng Nhà 4PN Sân Vườn 3000m2  Cách Sân Bay 10 phút,8 tỷ,"Liên Hiệp, Liên Hiệp, Huyện Đức Trọng, Lâm Đồng",23/07/2024,"Cần Bán Nhà Sân Vườn tại đức trọng Nhà 4PN ,2wc, 1 phòng khách, 1 bếp, 1 nhà kho, Sân oto thoải mái Vị trí khu dân cư đông,cách sân bay liên khương 10 phút DT 23x106m TC200m2 Giá 8ty TL chính chủ Trên đất sẵn nhà kính trồng cây  Mua nghỉ dưỡng,làm vườn Liên hệ Mr Thành 0933322568 để biết thêm thông tin",3000 m2,3000 m2(23x106),4.0,2.0,Sổ đỏ,23/07/2024,22400671
40,https://cloud.mogi.vn/images/2024/06/27/237/871f9f149d99474a8ef00645fe4dffb1.jpg,"Bán Nhà 2PN Gần chợ Phú hội DT 11x15m tc100m2 giá 1,85ty Cách Sân Bay",1 tỷ 850 triệu,"Thống Nhất, Xã Phú Hội, Huyện Đức Trọng, Lâm Đồng",23/07/2024,"Bán nhà 2PN gần chợ, trường học phú hội cách sân bay chỉ 10 phút nhà cách đường thống nhất chỉ 150m Đường bê tông khu dân cư đông Dt 11x15m tc100m2 tổng 170m2 hướng Tây Nam sân oto thoải mái mua ở có sân vườn, gần chợ,trường học giá 1,85ty giảm 200tr sổ hồng riêng phù hợp nghỉ dưỡng, đầu tư cho thuê liên hệ mr thành chuyên nhà đất đức trọng để được tư vấn miễn phí",170 m2,170 m2(11x15),2.0,1.0,Sổ hồng,23/07/2024,22589982
41,https://cloud.mogi.vn/images/2024/06/20/102/620fac01c33a4d7cbd3f0242b25c19b1.jpg,"Bán biệt thự sân vườn thiết kế đẹp –Bảo Lộc, tỉnh Lâm Đồng- giá: 16 tỷ",15 tỷ 999 triệu,"Đường số 7, Xã Lộc An, Huyện Bảo Lâm, Lâm Đồng",20/07/2024,"Bán biệt thự sân vườn gần trà Tâm Châu- xã Lộc An cách quốc lộ 20 khoảng 100m đường tráng nhựa rộng 8m  để lại toàn bộ nội thất khách mua chỉ xách valy vào ở liền . biệt thự mới xây và hoàn thành vào năm 2014 giấy tờ sổ hồng đầy đủ , được thiết kế theo phong cách châu âu do kỹ sư người mỹ vẽ , nhà gồm 4 pn , 4 wc , phòng khách sang trọng và quầy bar lộng lẫy, bếp khử mùi , nhà kho và gara để xe hơi riêng, điện sử dụng năng lượng mặt trời, ngoài ra còn có sân vườn phía trước rộng rãi trồng cây kiểng lâu năm , thác nước , hồ cá...sân vườn phía sau trồng nhiều loại cây ăn trái đang cho quả và một ao cá 200m2. Toàn bộ nội thất đều mang từ nước ngoài về....nói chung rất đẹp – khách có nhu cầu xem là thích ngay ( MTG or báo ) Diện tích : 4000 m2 ( xây nhà 400 m2 ) – giá : 16 tỷ- LH : 0936.555.402 gặp cô Thảo",4000 m2,4000 m2(32x159),4.0,4.0,Sổ hồng,20/07/2024,22584506
42,https://cloud.mogi.vn/images/2024/07/20/501/209a4f061be54c40af908ed39e4d330f.jpg,"Bán nhà cấp 4 hẻm 1/5, B'lao, Bảo Lộc",1 tỷ 600 triệu,"Bảo Lộc, Phường BLao, TP. Bảo Lộc, Lâm Đồng",20/07/2024,"Bán nhà cấp 4 hẻm 1/5, B'lao, Bảo Lộc Dt 7x35m, 232m2,  sẵn 100m đất ở  Giá: 1ty6 Dường nhựa 5m , khu dân cư cách trường cao đẳng siêu thị chỉ 500m Lh : 0909647079 Xin cảm ơn!",230 m2,232 m2(7x35),1.0,1.0,Sổ hồng,20/07/2024,22604263
43,https://cloud.mogi.vn/images/2024/07/20/340/2e55e895bc524677bcf08093e29f4b4c.jpg,"Bán căn biệt thự xinh xắn trong khu biệt thự, đường Nguyễn An Ninh, Bả",3 tỷ 800 triệu,"Nguyễn An Ninh, Phường 2, TP. Bảo Lộc, Lâm Đồng",20/07/2024,"Nhận chính chủ: Bán căn biệt thự xinh xắn trong khu biệt thự, đường Nguyễn An Ninh, Bảo Lôc  - DT: 10x24,5 ( 250m2 ) full đất ở - Mặt tiền đường nhựa 7m  Biệt thự mới 1 trệt 1 lầu thiết kế sang trọng hiện đại: phòng khách, 3 PN, 3wc, bếp, bãi xe, Full nội thất( tivi, máy giặt, máy lạnh, tủ lạnh, bàn ghế, giường, tủ.... ) Chỉ việc vô ở.  - Giá bán: 3,8 tỷ TL Liên hệ: 0909647079 Xin cảm ơn!",250 m2,250 m2(10x25),3.0,3.0,Sổ hồng,20/07/2024,22604249
44,https://cloud.mogi.vn/images/2024/07/12/486/d2df3cb12b844d668d76b43124cfac76.jpg,"Nhận chính chủ: Bán căn nhà hẻm 263 Mạc Đĩnh Chi, phường 2, TP Bảo Lộc",2 tỷ 450 triệu,"Mạc Đĩnh Chi, Phường 2, TP. Bảo Lộc, Lâm Đồng",12/07/2024,"Nhận chính chủ: Bán căn nhà hẻm 263 Mạc Đĩnh Chi, phường 2, TP Bảo Lộc  - DT: 5x44m, 220m2, QH đất ở. - Thiết kế: phòng khách, 3pn, bếp, wc và nhà tắm riêng biệt, sân sau, sân đậu ô tô... điện nước, năng lượng mặt trời. - hẻm ô tô, khu dân cư đông đúc, hàng xóm thân thiện.... Giá bán 2,45 tỷ bao sang tên. Liên hệ: 0909 647079 Xin cảm ơn !",220 m2,220 m2(5x44),3.0,2.0,Sổ hồng,12/07/2024,22599361
45,https://cloud.mogi.vn/images/2024/02/29/267/1e9296cc3d3344138dd700a18a865a56.jpg,Cần bán nhà vườn giáp suối tại Lộc An - Bảo Lộc,690 triệu,"Quốc Lộ 20, Xã Lộc An, Huyện Bảo Lâm, Lâm Đồng",11/07/2024,"CẦN BÁN CĂN NHÀ VƯỜN VỚI SUỐI BAO QUANH. Giá 690tr Diện tích đất: ngang 5m, mặt tiền đường liên phường. Diện tích: 160m2 có sẵn 100m2 thổ cư 2 pn, 1 wc Vị trí: Lộc An, Tp. Bảo Lộc, Tỉnh Lâm Đồng. 5' lái xe đến QL20, 7' lái xe ra cao tốc Dầu Giây - Liên Khương. Đang khai thác cho thuê homestay. Liên hệ: 0909861575 hỗ trợ xem nhà",160 m2,160 m2(5x35),2.0,1.0,Sổ đỏ,11/07/2024,22486782
46,https://cloud.mogi.vn/images/2024/07/10/316/8f5024488d8f488e9e11ec699bcef865.jpg,Bán nhà 1 trệt 1 lầu hẻm Mạc Đĩnh Chi,2 tỷ 949 triệu,"Mạc Đĩnh Chi, Phường 2, TP. Bảo Lộc, Lâm Đồng",10/07/2024,"Nhận chính chủ: Bán nhà 1 trệt 1 lầu hẻm Mạc Đĩnh Chi  - DT: 6x20, 120m2 - Thiết kế: phòng khách, bếp, 3pn, 2wc... Nhà đẹp thiết kế hiện đại, 2 mặt tiền đường, các phòng đều có ánh sáng, sinh khí tốt... Hẻm Ô tô, gần trung tâm, đi lại thuận tiện... LH: 0909 647079 Xin cảm ơn!",120 m2,120 m2(6x20),3.0,2.0,Sổ đỏ,10/07/2024,22597587
47,https://cloud.mogi.vn/images/2024/07/10/240/a0568452b65d42d49320a5ec51701c84.jpg,"Cần bán đất tặng nhà mặt tiền Nguyễn Tri Phương , nối dài",4 tỷ 800 triệu,"Nguyễn Tri Phương, Phường Lộc Tiến, TP. Bảo Lộc, Lâm Đồng",10/07/2024,"Cần bán đất tặng nhà mặt tiền Nguyễn Tri Phương  - DT: 626m2, 14mx46m, có 217m2 TC  - DT nhà 98m2 ( nhà cũ + Kho) Vị trí đường lớn rộng, gần công ty SCAVI,  gần trung tâm. Mua làm nhà xưởng, nhà trọ ..... GIÁ BÁN: 4,8 TỶ có TL  Liên Hệ: 0909647079 Xin Cảm ơn!",625 m2,626 m2(13x46),3.0,1.0,Sổ hồng,10/07/2024,22597577
48,https://cloud.mogi.vn/images/2024/07/10/206/3cb092e49f2d45a1bed9e37a2971926a.jpg,"9 căn hộ 6 tầng, mặt tiền cổ loa, đủ pháp lý, tiện nghi, giá gặp chủ",14 tỷ 500 triệu,"Cổ Loa, Phường 5, TP. Đà Lạt, Lâm Đồng",10/07/2024,"- Giá rẻ khu vực và phân khúc, mua là lãi. Em kèm hình giá 5 năm. Giá này còn thương lượng chính chủ được. Đây là giá chủ yêu cầu rao, giá khác đều là tin giả. - Quý anh chị đến xem nhà thoải mái rồi làm việc chính chủ nếu có thiện chí mua, để giảm việc cho chủ ạ. ⭕ Thông tin nhà :  - Diện tích đất thực tế ~100m2 - Diện tích sàn >500 m2 - Hướng TB - Kết cấu: + 6 tầng (1 hầm, 1 trệt, 4 lầu ) với 9 căn, mỗi căn ~40m2 và 11 WC khép kín + Mỗi căn có bếp từ, máy giặt, máy nóng lạnh, tivi, tủ lạnh, bàn ghế, giường, tủ, mền, gối, bàn trang điểm, máy hút mùi. Đều có gác lửng, phòng tiếp khách, ban công, cửa sổ ngắm view, đón nắng + Tầng hầm có gara ô tô và 1 căn hộ + Tầng trệt có phòng lễ tân và 1 căn hộ + Tầng Vip trên cùng (Penthouse) với 1 phòng bếp, 1 phòng ngủ riêng, 2 WC và phòng xông hơi - Có camera an ninh, mắt thần, khóa an toàn - Không gian xanh 20% - Có thang máy tải trọng lớn ⭕ Pháp lý: - Đất thổ cư, sổ hồng riêng, đã hoàn công ⭕ Vị trí:  - Tọa lạc mặt tiền ...",91 m2,91 m2(5x18),9.0,11.0,Sổ đỏ,10/07/2024,22598121
49,https://cloud.mogi.vn/images/2024/07/09/434/ab017320798649dd8d2959e4d9d21688.jpg,"Cần bán căn nhà hẻm 402 Phan Đình Phùng, Bảo Lộc",2 tỷ 300 triệu,"Phan Đình Phùng, Phường Lộc Tiến, TP. Bảo Lộc, Lâm Đồng",09/07/2024,"Nhận chính chủ:  Cần bán căn nhà hẻm 402 Phan Đình Phùng, Bảo Lộc  - DT:  105m2, 5mx20m, Thổ cư.  - Nhà mới, thiết kế 1 trệt, 1 lừng, gồm phòng khách, bếp, 3pn, 2wc, sân đậu ô tô .... - Khu dân cư, đường bằng, đất bằng Giá bán: 2,3 tỷ Liên hệ: 0909 647079 Xin cảm ơn!",104 m2,105 m2(5x18),3.0,2.0,Sổ hồng,09/07/2024,22597055
50,https://cloud.mogi.vn/images/2024/07/09/373/605c2757cda240e2a3d29ca70c58391d.jpg,"Bán nhà hẻm 402 Phan Đình Phùng, Lộc Tiến (Gần cty Scavy, sau lưng",1 tỷ 950 triệu,"Phan Đình Phùng, Phường Lộc Tiến, TP. Bảo Lộc, Lâm Đồng",09/07/2024,"Nhận chính chủ:  Bán nhà hẻm 402 Phan Đình Phùng, Lộc Tiến (Gần cty Scavy, sau lưng homestay Hoàng Đình) - DT: 5x26m có 100m2 thổ cư - Nhà gồm phòng khách, bếp, 2pn, wc, sân đậu ô tô... Đường rộng, bằng phẳng, xe hơi vào tận nhà. Giá bán 1,95 tỷ Liên hệ: 0909647079 Xin cảm ơn!",128 m2,130 m2(5x26),2.0,1.0,Sổ hồng,09/07/2024,22597037
51,https://cloud.mogi.vn/images/2024/07/09/456/9263d3e97f194fa0aacead7f01b8e025.jpg,"Bán nhà thổ cư ,hẻm 123 Mạc Đĩnh Chi, đường lớn, Phường 2, Bảo Lộc",2 tỷ 250 triệu,"Mạc Đĩnh Chi, Phường 2, TP. Bảo Lộc, Lâm Đồng",09/07/2024,"Nhận chính chủ:  Bán nhà thổ cư ,hẻm 123 Mạc Đĩnh Chi, đường lớn, Phường 2, Bảo Lộc  - DT: 5x20m, có Thổ cư - Thiết kế 1 trệt , 1 lầu, phòng khách, bếp, 3pn, 2wc. phòng thờ, sân ô tô...  Giá bán 2,25 tỷ Liên hệ: 0909647079 Xin cảm ơn!",100 m2,100 m2(5x19),3.0,2.0,Sổ hồng,09/07/2024,22597059
52,https://cloud.mogi.vn/images/2024/07/09/579/2c1edefd63e64922a63f8ac594593a0b.jpg,- Bán gấp đất thổ cư có sẵn nhà xinh hẻm xe hơi 1092-QL20 -Lộc Châu-Bả,1 tỷ 500 triệu,"21, Lộc Châu, TP. Bảo Lộc, Lâm Đồng",09/07/2024,"Nhận chính chủ: - Bán gấp đất thổ cư có sẵn nhà xinh hẻm xe hơi 1092-QL20 -Lộc Châu-Bảo Lộc, cách QL20 hơn 100m. - DT đất 237m, ngang 11m nở hậu - 100% thổ cư.  - Nhà đẹp, rộng rãi. 3 phòng ngủ, 2 phòng khách, bếp ăn rộng rãi, nhà để xe, sân trước sau.  - Khu nhà ở kín lâu năm, sầm uất, hàng xóm thân thiện, gần chợ,trường, ngân hàng....  Giảm giá mạnh còn 1ty500tr, bao sổ, không thể rẻ hơn. Liên hệ: 0909 647079  Xin cảm ơn!",237 m2,237 m2(10x23),3.0,1.0,Sổ đỏ,09/07/2024,22597070
53,https://cloud.mogi.vn/images/2024/06/27/180/49226073d76d46b194a2903b8b001b3f.jpg,"Bán gấp nhà hẻm  Nguyễn Phú Thứ, B'Lao, Tp Bảo Lộc",1 tỷ 750 triệu,"21, Phường BLao, TP. Bảo Lộc, Lâm Đồng",05/07/2024,"Bán gấp nhà hẻm  Nguyễn Phú Thứ, B'Lao, Tp Bảo Lộc  - DT: 5x20 đất nn lên được thổ cư - Kết cấu nhà 1 trệt 1 lửng 3 phòng ngủ phòng khách và bếp riêng biệt  - Nhà nằm ngay trung tâm cách siêu thị 1km, trường học cấp 1,2,3 sát bên  Giá bán 1ty750 có thương lượng  LH: 0909 647079 Xin Cảm Ơn!",100 m2,100 m2(5x20),3.0,2.0,Sổ hồng,05/07/2024,22589451
54,https://cloud.mogi.vn/images/2024/06/27/121/f5c72599c06945f487bce9b1225bf6bf.jpg,"Bán nhà 1 trệt 1 lầu hẻm Mạc Đĩnh Chi phường 2, Bảo Lộc",2 tỷ 950 triệu,"Mạc Đĩnh Chi, Phường 2, TP. Bảo Lộc, Lâm Đồng",27/06/2024,"Nhận chính chủ: Bán nhà 1 trệt 1 lầu hẻm Mạc Đĩnh Chi  - DT: 6x20, 120m2 - Thiết kế: phòng khách, bếp, 3pn, 2wc... Nhà đẹp thiết kế hiện đại, 2 mặt tiền đường, các phòng đều có ánh sáng, sinh khí tốt... Hẻm Ô tô, gần trung tâm, đi lại thuận tiện... LH: 0909 647079 Xin cảm ơn!",120 m2,120 m2(6x20),3.0,2.0,Sổ hồng,27/06/2024,22589442
55,https://cloud.mogi.vn/images/2024/06/27/217/08c85851a2224cf6b915803d80bdb558.jpg,"Cần Bán nhà hẻm Bùi Thị Xuân, phường 1,  TP Bảo Lộc",1 tỷ 850 triệu,"Bùi Thị Xuân, Phường 1, TP. Bảo Lộc, Lâm Đồng",27/06/2024,"Nhận chính chủ:  Cần Bán nhà hẻm Bùi Thị Xuân TP Bảo Lộc  - DT: 90m2 - Thiết kế nhà: phòng khách, bếp, 2pn, wc, sân đậu ô tô, ... Nhà đẹp thiết kế gọn, có hệ thống nóng lạnh, gần Trường Hùng Vương, cách đường chính chỉ 30m... - Giá Bán: 1,85 tỷ có bớt lộc cho khách thiện chí LH: 0909 647079 Xin cảm ơn!",90 m2,90 m2(7x13),2.0,1.0,Sổ hồng,27/06/2024,22589698
56,https://cloud.mogi.vn/images/2024/06/27/086/5ac0ab2588d048fa91b21e1ed3760f9e.jpg,Bán nhà Sân vườn trái cây (đã có thu) tại - Hẻm Phan Chu Trinh - P.Lộc,4 tỷ 300 triệu,"Phan Chu Trinh, Phường Lộc Tiến, TP. Bảo Lộc, Lâm Đồng",27/06/2024,"Nhận chính chủ:  Bán nhà Sân vườn trái cây (đã có thu) tại - Hẻm Phan Chu Trinh - P.Lộc Tiến - Tp.Bảo Lộc - DT: 1.161m² - đất bằng- thế đất nở hậu - Gồm 1 căn nhà mới ( 90m2) thiết kế 2 phòng ngủ ,1p khách ,1 wc và gara oto vào sân vườn cây ăn trái, nhà chòi... Giá :4,3tỷ thương lượng LH: 0909 647079 Xin cảm ơn!",1161 m2,1161 m2(10x20),2.0,1.0,Sổ hồng,27/06/2024,22589436
57,https://cloud.mogi.vn/images/2024/06/27/396/32eb2b71858d4473a323e4f1aa32a06d.jpg,"CHÍNH CHỦ: Cần bán căn nhà hẻm Đường Huyền Trân Công Chúa , Đà Lạt",2 tỷ 50 triệu,"Huyền Trân Công Chúa, Phường 4, TP. Đà Lạt, Lâm Đồng",27/06/2024,"CHÍNH CHỦ: Cần bán căn nhà hẻm Đường Huyền Trân Công Chúa , Đà Lạt  - Nhà 1 Trệt 1 lầu kiên cố. 3 phòng ngủ, phòng khách, bếp, 2 wc, phòng sinh hoạt chung...  - ĐC: Hẻm Huyền Trân Công Chúa, gần ngay trung tâm, cách bờ hồ Xuân Hương chỉ 2km, trong vòng bán kính 500m đầy đủ tiện ích, trường học, chợ, ngân hàng... - Diện tích sử dụng 100m2 - Đường 2m, giấy tờ Phường, Cc vi bằng. - Đã có Nội thất cơ bản. - Giá bán hạ từ 2,4 xuống còn 2,05 tỷ Có Tl cho khách Thiện chí.  Liên hệ 0944114578 - Gửi ace MG 2% nha.  Xin Cảm ơn!!!",98 m2,50 m2(4x17),3.0,2.0,Giấy tờ viết tay,27/06/2024,22589734
58,https://cloud.mogi.vn/images/2024/06/27/301/731dde99becb46c584f4580273b88f50.jpg,"Bán đất + nhà mặt tiền Phan Đình Phùng, Bảo Lộc",10 tỷ 500 triệu,"Phan Đình Phùng, Phường Lộc Tiến, TP. Bảo Lộc, Lâm Đồng",27/06/2024,"Nhận Chính chủ: Bán đất + nhà mặt tiền Phan Đình Phùng, Bảo Lộc  - DT Đất:  1080m2, có 350m2 TC, 13mx90m - Có căn nhà mới, thiết kế hiện đại: 1 trệt 1 lầu, 3pn, 2wc - Gần trung tâm, kinh doanh nghỉ dưỡng thuận tiện GÍA BÁN: 10,5 TỶ LH: 0909 647079 XIN CẢM ƠN!",1083 m2,1083 m2(13x80),3.0,2.0,Sổ hồng,27/06/2024,22589719
59,https://cloud.mogi.vn/images/2024/04/06/553/161acf222e9c43309600f714e908dbc6.jpg,Bán Homestay nghỉ dưỡng hơn 1000m2 TP Bảo Lộc có nguồn thu ổn định,4 tỷ 549 triệu,"Đinh Công Tráng, Lộc Châu, TP. Bảo Lộc, Lâm Đồng",22/04/2024,"Em cần Bán Homestay Nghỉ Dưỡng - Tp. Bảo Lộc. - Homestay đang cho thuê doanh thu rất ổn định.  - Diện tích: 9.3m*120m = 1032m2 (thực tế rộng hơn). - Nhà phố mới xây có 3 PN, 2WC, 1 phòng khách, 1 bếp, 1 bancon để giặt đồ + sân sau đậu xe Oto thỏa mái - Đất có 2 mặt tiền, Có suối chảy kế vườn. Đường đi thông ra đường Tránh Lộc Châu. - Cách trung tâm Bảo Lộc 10' di chuyển, khu này ở yên tĩnh an ninh rất thích hợp nghỉ dưỡng - Diện tích : 9.3x120 - Giá: 4ty550 còn thương lượng cho khách thiện chí trong tháng này - LH 0931399739",1200 m2,"1032 m2(9,3x120)",3.0,2.0,Sổ hồng,22/04/2024,22527762
60,https://cloud.mogi.vn/images/2024/04/14/079/50441c1199e846b4acad9d3db929eada.jpg,Bán căn Homestay nghỉ dưỡng hơn 1000m2 TP Bảo Lộc có nguồn thu ổn định,4 tỷ 500 triệu,"Đinh Công Tráng, Lộc Châu, TP. Bảo Lộc, Lâm Đồng",22/04/2024,"Em cần tìm chủ mới cho căn Nhà Vườn homestay nghỉ dưỡng - Tp. Bảo Lộc. - Vị trí mặt tiền đường phía sau giáp suối cách trung tâm TP Bảo Lộc chỉ 5 phút di chuyển - Homestay đang cho thuê doanh thu rất ổn định và khách thuê rất đều - Diện tích: 9.3mx120m = 1157m (thực tế rộng hơn). - Nhà phố mới xây có 3 PN, 2WC, 1 phòng khách, 1 bếp, 1 bancon để giặt đồ + sân sau đậu xe Oto thỏa mái. - Đất có 2 mặt tiền, có suối chảy kế vườn. Đường đi thông ra đường tránh Lộc Châu. - Cách trung tâm Bảo Lộc 10' di chuyển, khu này ở yên tĩnh an ninh rất thích hợp nghỉ dưỡng. - Diện tích: 9.3x120m. - Tặng Full nội thất cho khách thiện chí, chỉ việc dọn vào ở ngay. Nhà được chăm sóc cẩn thận nên còn như mới xây - Giá: 4 tỷ 500 còn thương lượng cho khách thiện chí trong tháng này.",1157 m2,1157 m2(10x120),3.0,2.0,Sổ hồng,22/04/2024,22536398
61,https://cloud.mogi.vn/images/2024/04/20/226/6861ca7ed30b4ccbb43bb8672a0beac2.jpg,Bán Nhà Phố đường Nguyễn Văn Cừ Gần chợ Hà Giang tiện đi lại trung tâm,2 tỷ 300 triệu,"Nguyễn Đức Cảnh, Phường Lộc Phát, TP. Bảo Lộc, Lâm Đồng",22/04/2024,Bán nhà xinh hẻm Nguyễn Đức cảnh thông 183 Nguyễn văn cừ gần trường cấp 1.2 và chợ HÀ Giang dân cư sầm uất hàng xóm thân thiện vì điều kiện muốn chuyển sang nhà rộng hơn nên gia đình bán bớt nhà 1 trệt 1 lững có 3pn.  1 thờ .2 tolett. 1 ok .1p an không gian ấm cúng nhà thiết kế hiện đại  Dt : 5x18 Full thổ cư Hướng chính đông  Giá: 2ty3 Lh : 0931399739 Hữu Lộc,180 m2,90 m2(5x18),3.0,2.0,Sổ hồng,22/04/2024,22541898
62,https://cloud.mogi.vn/images/2024/03/26/059/807d032fb8254bd7ae49c09d20d8e5e8.jpg,Chính chủ cần bán nhà mặt đường Nguyễn Thị Nghĩa sát khu Golf Valley Đ,11 tỷ 900 triệu,"Nguyễn Thị Nghĩa, Phường 2, TP. Đà Lạt, Lâm Đồng",26/03/2024,"Nhà phố trung tâm Đà Lạt, nằm sát khu Golf Valley - Nguyễn Thị Nghĩa - Đà Lạt, đường trước mặt rộng 10m, bằng phẳng, đi bộ rất gần ra Hồ Xuân Hương, chợ Đà Lạt, đồi Cù... Khu vực trung tâm đông du khách, luôn full phòng các mùa du lịch, tiện cho thuê hoặc kinh doanh khách sạn có dòng tiền ổn định, giá nhà sát vách đang cho thuê nguyên căn 20tr/tháng, sát khu biệt thự cao cấp, nhiều không gian thể dục công cộng, vị trí hiếm, còn nhiều dư địa tăng giá trị đầu tư theo thời gian. Diện tích đất 4,5m x 19m= 85,5m², nhà 1 trệt và đúc 2 tấm, móng băng có thể lên thêm 2 tấm nữa. Tầng 1 có sân trước, sân sau, phòng khách, bếp, phòng ăn, 1 phòng ngủ, 1 phòng vệ sinh. Tầng 2 có 2 phòng ngủ, 1 phòng sinh hoạt - thờ cúng, 1 phòng vệ sinh, ban công trước - sau, nội thất cao cấp, cầu thang lót đá marble trắng, cửa phòng trong nhà gỗ Gõ đỏ, làm ở Sài Gòn đem lên, ngoài nhà cửa nhựa lõi thép, vòi tắm Grohe - Đức, thiết bị vệ sinh INAX, bình nước nóng Ariston cao cấp. Mái đúc bê tông được lợp tôn che bồn nước, bảo vệ ống nước. Nhà làm để Người già ở nghỉ dưỡng, nay muốn bán chuyển về Sài Gòn gần con cái. Giá bán 11.9 tỷ còn thương lượng, nhà riêng có sổ hồng đã hoàn công nhà đầy đủ, hợp tác ace môi giới hoa hồng 1.5%. Liên hệ anh Quý 0983 886 605",,"85,5 m2(517x17)",3.0,2.0,Sổ hồng,26/03/2024,22514818
63,https://cloud.mogi.vn/images/2024/03/22/598/f4c49a9505a443eaba1c942c4b01c778.jpg,"bán nhà nhỏ xinh hẻm đường 1/5 , cách Ql20 chỉ 350m",2 tỷ 800 triệu,"Bảo Lộc, Phường BLao, TP. Bảo Lộc, Lâm Đồng",22/03/2024,"Bán nhà hẻm đầu đường 1/5 - DT: 64m2. Có 40m2 thổ cư. DTsd:  100m2 - Nhà thiết kế phòng khách, bếp, sân trước, 2pn,2wc, phòng thờ. - Nhà nhỏ gọn. Thích hợp cho vợ chồng trẻ. - Để lại 80% nội thất xinh xắn - Vị trí ngay trung tâm, cách đường 1/5 chỉ 15m - Giá bán chỉ 2,8 tỷ có TL LH: 0909647079 Xin cảm ơn!",100 m2,"64 m2(5x13,5)",2.0,2.0,Sổ đỏ,22/03/2024,22510164
64,https://cloud.mogi.vn/images/2023/11/15/584/2f050fe7f3e24151b447cd1f02351458.jpg,đất nền biệt thự ven sông đại bình,1 tỷ 50 triệu,"số 16, Xã Lộc Thành, Huyện Bảo Lâm, Lâm Đồng",15/11/2023,"📍 Vị trí đắc địa: Ngay chợ, UB xã Lộc Thành, hướng sông Đại Bình. 📏 Diện tích mỗi lô: Hơn 20x50m, sẵn thổ cư 125-160m2. 🌍 Đường dân sinh hiện hữu: Oto vivu vào đất. 🌳 Khu vực hàng xóm: Có những căn biệt thự vườn toàn cảnh. 😊 Phù hợp: Làm nhà vườn nghỉ dưỡng hoặc đầu tư dài hạn. 🙋‍♂️ Giá đầu tư: Chỉ 2 tỷ 050 triệu và còn thương lượng. Đặc biệt, giá tốt cho khách mua sỉ 4 lô trở lên. 📍 Dễ dàng di chuyển: Từ trung tâm Bảo Lộc đi theo QL55, tới chợ Lộc Thành, quẹo trái hướng ra sông Đại Bình. Đường oto vi vu, trong bán kính 2km đầy đủ tiện ích như trường học, chợ, Ủy Ban xã Lộc Thành. lh ngay 0933343597 để xem đất",1000 m2,1000 m2(20x50),2.0,1.0,Sổ hồng,15/11/2023,22402218
65,https://cloud.mogi.vn/images/2023/10/27/146/bd970d97580b4c8c878d939b63a71a85.jpg,Bán nhà 2 mặt tiền Hai Bà Trưng P6 Đà Lạt ngay trung tâm - MN3324,25 tỷ,"Hai Bà Trưng, Phường 6, TP. Đà Lạt, Lâm Đồng",14/11/2023,"Bán nhà 2 mặt tiền Hai Bà Trưng P6 Đà Lạt ngay trung tâm Diện tích: 83m² (4,7*17,6m) Đất ở đô thị. Kết cấu: 1 hầm, 1 trệt, 3 lầu. Gồm: 6 phòng, 5wc, bếp, khách Lô giới: Đường nhựa chính 20m mặt sau đường 3m Giá bán: 25 tỷ có thương lượng Hotline: Ms. Di Nhiên - 0938898369 ———————————————— Công ty BĐS Đà Lạt Homes 39 Mai Hắc Đế, Phường 6, TP. Đà Lạt",,"83 m2(4,7x17,6)",6.0,5.0,Sổ hồng,14/11/2023,22380733
66,https://cloud.mogi.vn/images/2023/10/27/231/737e31c4cf1c413e806e142ef0964e59.jpg,Bán nhà hẻm ô tô Ngô Quyền Phường 6 Đà Lạt thích hợp an cư - MN3323,7 tỷ,"Ngô Quyền, Phường 6, TP. Đà Lạt, Lâm Đồng",14/11/2023,"Bán nhà Ngô Quyền P6 Đà Lạt thích hợp an cư Diện tích đất: 115m² Đất ở đô thị. Kết cấu: 1 hầm, 1 trệt, 2 lầu. Gồm: 3 phòng ngủ, 2 toilet, nhà bếp, 2 phòng khách. Pháp lý: sổ hồng riêng chính chủ. Lộ giới: Đường ô tô tận nơi. Hướng: Đông Bắc. Giá bán: 7 tỷ thương lượng. Hotline: Ms. Di Nhiên - 0938898369 ———————————————— Công ty BĐS Đà Lạt Homes 39 Mai Hắc Đế, Phường 6, TP. Đà Lạt",,115 m2(5x23),3.0,2.0,Sổ hồng,14/11/2023,22380734
67,https://cloud.mogi.vn/images/2023/10/27/390/b0c72299b88d42b4a27809608afe3c93.jpg,Bán nhà mặt tiền Tô Vĩnh Diện P6 Đà Lạt thích hợp kinh doanh - MN3322,10 tỷ 500 triệu,"Ngô Quyền, Phường 6, TP. Đà Lạt, Lâm Đồng",14/11/2023,"Bán nhà mặt tiền Tô Vĩnh Diện phường 6 Đà Lạt thích hợp kinh doanh. Diện tích: 82m² (6*13,6m ) Đất ở đô thị.  Kết cấu: 2 Phòng ngủ - 4 Toilet và 2 mặt bằng kinh doanh Pháp lý: Sổ hồng riêng đã hoàn công. Lộ giới: Đường nhựa chính 10m, quy hoạch 17m Hướng: Đông Nam Giá bán: 10,5 tỷ có thương lượng. Hotline: Ms. Di Nhiên - 0938898369 ———————————————— Công ty BĐS Đà Lạt Homes 39 Mai Hắc Đế, Phường 6, TP. Đà Lạt",,"82 m2(6x13,6)",2.0,4.0,Sổ hồng,14/11/2023,22380751
68,https://cloud.mogi.vn/images/2023/10/27/535/e29ba01933d849ccaa7d486cd70ec17f.jpg,Bán nhà hẻm ô tô Ngô Quyền phường 6 Đà Lạt thích hợp an cư - MN3320,9 tỷ 900 triệu,"Ngô Quyền, Phường 6, TP. Đà Lạt, Lâm Đồng",14/11/2023,"Bán nhà Ngô Quyền phường 6 Đà Lạt thích hợp an cư. Diện tích đất: 103m² (4*25,7m) đất ở đô thị. Kết cấu: 1 trệt, 1 lầu 4 phòng ngủ, 3wc, 1 bếp, 1 khách Pháp lý: sổ hồng riêng chính chủ. Lộ giới: Đường ô tô 3,5m. Hướng: Đông Nam Giá bán: 9,9 tỷ có thương lượng. Hotline: Ms. Di Nhiên - 0938898369 ———————————————— Công ty BĐS Đà Lạt Homes 39 Mai Hắc Đế, Phường 6, TP. Đà Lạt",,"103 m2(4x25,7)",4.0,3.0,Sổ hồng,14/11/2023,22380772
69,https://cloud.mogi.vn/images/2023/10/27/567/4adf7c0bc16e4c36b15d79dd92d81b7a.jpg,Bán biệt thự nghỉ dưỡng mặt tiền Vạn Thành phường 5 Đà Lạt - MN3319,25 tỷ,"Vạn Thành, Phường 5, TP. Đà Lạt, Lâm Đồng",14/11/2023,"Bán biệt thự mặt tiền Vạn Thành phường 5 Đà Lạt Diện tích: 273m² (14m * 19m) Đất ở đô thị 250m² Kết cấu: 1 trệt, 1 lầu. Gồm: 2 phòng khách, 6 phòng ngủ, 4 nhà vệ sinh, thiết kế theo kiến trúc song lập Pháp lý: sổ hồng riêng chính chủ. Lộ giới: Mặt tiền đường nhựa chính Hướng: Tây Bắc Giá bán: 25 tỷ có thương lượng. Hotline: Ms. Di Nhiên - 0938898369 ———————————————— Công ty BĐS Đà Lạt Homes 39 Mai Hắc Đế, Phường 6, TP. Đà Lạt",,273 m2(14x19),6.0,4.0,Sổ hồng,14/11/2023,22380779
70,https://cloud.mogi.vn/images/2023/10/27/062/98b46bdef49645d4bc3979101da39b67.jpg,Bán nhà mặt tiền Cổ Loa P2 Đà Lạt thích hợp an cư lạc nghiệp - MN3316,10 tỷ 500 triệu,"Cổ Loa, Phường 2, TP. Đà Lạt, Lâm Đồng",14/11/2023,"Bán nhà mặt tiền Cổ Loa phường 2 Đà Lạt thích hợp an cư lạc nghiệp. Diện tích đất: 87,7m² (5m * 17,5m) Đất ở đô thị Kết cấu: 1 trệt, 1 lầu. Gồm: 3 phòng ngủ, 1 phòng thờ. Pháp lý: sổ hồng riêng chính chủ đã hoàn công. Lộ giới: Đường nhựa chính 14m. Hướng: Đông.  Giá bán: 10,5 tỷ có thương lượng. Hotline: Ms. Di Nhiên - 0938898369 ———————————————— Công ty BĐS Đà Lạt Homes 39 Mai Hắc Đế, Phường 6, TP. Đà Lạt",,"87 m2(5x17,5)",3.0,2.0,Sổ hồng,14/11/2023,22380798
71,https://cloud.mogi.vn/images/2023/10/27/158/2d4c927685db4f11b7df2e3d5dfa004e.jpg,Bán nhà 2 mặt tiền La Sơn Phu Tử phường 6 Đà Lạt tiện an cư - MN3309,12 tỷ,"Hai Bà Trưng, Phường 6, TP. Đà Lạt, Lâm Đồng",14/11/2023,"Bán nhà 2 mặt tiền La Sơn Phu Tử phường 6 Đà Lạt Diện tích đất: 50m² (5m*7,8m) Đất ở đô thị Kết cấu: nhà cũ 1 trệt, 1 lầu 2 phòng ngủ, 2wc.  Pháp lý: Sổ hồng riêng chính chủ. Lộ giới: Đường nhựa chính QH 20m, hẻm hông 4m Giá bán: 12 tỷ có thương lượng. Hotline: Ms. Di Nhiên - 0938898369 ———————————————— Công ty BĐS Đà Lạt Homes 39 Mai Hắc Đế, Phường 6, TP. Đà Lạt",,"50 m2(5x7,8)",2.0,3.0,Sổ hồng,14/11/2023,22380822
72,https://cloud.mogi.vn/images/2023/10/27/186/2e86f935e97b4669bdc4c7b25c36a620.jpg,Bán biệt thự Hồ Xuân Hương phường 9 Đà Lạt không gian yên tĩnh MN3301,14 tỷ 700 triệu,"Hồ Xuân Hương, Phường 9, TP. Đà Lạt, Lâm Đồng",14/11/2023,"Bán biệt thự Hồ Xuân Hương phường 9 Đà Lạt không gian yên tĩnh  Diện tích: 299m² - Đất ở đô thị Kết cấu: 1 trệt gồm 3 phòng ngủ, 1 phòng giặt, sân vườn BBQ rộng rãi Pháp lý: Sổ hồng riêng chính chủ. Lộ giới: Đường ô tô tận nơi, 3 mặt đều giáp hẻm rất thoáng. Hướng: Tây Nam Giá bán: 14,7 tỷ Có thương lượng. Hotline: Ms. Di Nhiên - 0938898369 ———————————————— Công ty BĐS Đà Lạt Homes 39 Mai Hắc Đế, Phường 6, TP. Đà Lạt",,299 m2(10x30),3.0,2.0,Sổ hồng,14/11/2023,22380830
73,https://cloud.mogi.vn/images/2023/10/30/371/2e80416d054944b2b3b58acbab6b7d11.jpg,Bán nhà 2 mặt tiền Cổ Loa P2 Đà Lạt thích hợp an cư lạc nghiệp MN3589,9 tỷ 500 triệu,"Cổ Loa, Phường 2, TP. Đà Lạt, Lâm Đồng",14/11/2023,"Bán nhà 2 mặt tiền Cổ Loa phường 2 Đà Lạt thích hợp an cư lạc nghiệp. Diện tích đất: 73,5m² (5,6m * 13m) Đất ở đô thị Diện tích sàn: 313m² Kết cấu: 1 hầm, 1 trệt, 2 lầu. Gồm: 4 phòng ngủ, 2wc, phòng khách rộng, bếp,  phòng ăn. Sân phơi, sân đậu ô tô. Pháp lý: sổ hồng riêng chính chủ. Lộ giới: Đường nhựa chính 14m, hẻm sau 4,5m. Hướng: Tây Bắc, Đông Nam.  Giá bán: 9,5 tỷ có thương lượng. Hotline: Ms. Di Nhiên - 0938898369 ———————————————— Công ty BĐS Đà Lạt Homes 39 Mai Hắc Đế, Phường 6, TP. Đà Lạt",,"73 m2(5,6x13)",4.0,2.0,Sổ hồng,14/11/2023,22383448
74,https://cloud.mogi.vn/images/2023/10/30/440/4e379c37e7464a1fb15e1b71d2a4fbde.jpg,Bán biệt thự KQH An Sơn phường 4 Đà Lạt hợp an cư nghỉ dưỡng - MN3587,22 tỷ,"An Sơn, Phường 4, TP. Đà Lạt, Lâm Đồng",14/11/2023,"Bán biệt thự KQH An Sơn phường 4 Đà Lạt an cư nghỉ dưỡng Diện tích: 144,2m² (8m * 18m) Đất ở đô thị.  Kết cấu: 1 hầm, 1 trệt, 2 lầu. Gồm. 1 phòng khách, 5 phòng ngủ, 1 phòng ăn+bếp, garage. Pháp lý: Sổ hồng riêng chính chủ. Lộ giới: Đường nhựa 10m. Hướng: Tây Bắc. Giá bán: 22 tỷ Có thương lượng. Hotline: Ms. Di Nhiên - 0938898369 ———————————————— Công ty BĐS Đà Lạt Homes 39 Mai Hắc Đế, Phường 6, TP. Đà Lạt",,144 m2(8x18),5.0,4.0,Sổ hồng,14/11/2023,22383458
75,https://cloud.mogi.vn/images/2023/10/30/481/54c1d64878464a3aa86086fb2c0b2210.jpg,Bán khách sạn đẳng cấp Trần Quang Diệu P10 Đà Lạt view đẹp - MN3584,90 tỷ,"Trần Quang Diệu, Phường 10, TP. Đà Lạt, Lâm Đồng",14/11/2023,"Bán khách sạn view đẹp, đẳng cấp Trần Quang Diệu phường 10 Đà Lạt  Diện tích: 797m² (20m * 39m) có 703m² toàn bộ đất ở đô thị. Kết cấu: 3 hầm, 1 trệt, 3 lầu. Gồm: 1 sảnh lễ tân, 25 phòng, WC riêng.  Pháp lý: sổ hồng riêng chính chủ, đã hoàn công. Lộ giới: Đường nhựa chính 10m. Hướng: Đông Bắc. Giá bán: 90 tỷ có thương lượng Hotline: Ms. Di Nhiên - 0938898369 ———————————————— Công ty BĐS Đà Lạt Homes 39 Mai Hắc Đế, Phường 6, TP. Đà Lạt",,797 m2(20x39),25.0,25.0,Sổ hồng,14/11/2023,22383461
76,https://cloud.mogi.vn/images/2023/10/30/507/8e2ef73232ab42e484707714c882f8c5.jpg,Bán biệt thự đẳng cấp nội thất sang trọng Măng Lin P7 Đà Lạt - MN3582,56 tỷ,"Xô Viết Nghệ Tĩnh, Phường 7, TP. Đà Lạt, Lâm Đồng",14/11/2023,"Bán biệt thự đẳng cấp nội thất sang trọng Măng Lin phường 7 Đà Lạt  Diện tích đất: 460m² (17m * 27.5m) toàn bộ đất ở đô thị. Kết cấu: 1 trệt, 2 lầu. Gồm: phòng khách, 6 phòng ngủ, 3 phòng bếp, 1 số phòng công năng giải trí cao cấp khác. Pháp lý: Sổ hồng riêng chính chủ. Lộ giới: Đường ô tô tránh nhau Hướng: Đông Bắc. Giá bán: 56 tỷ có thương lượng.  Hotline: Ms. Di Nhiên - 0938898369 ———————————————— Công ty BĐS Đà Lạt Homes 39 Mai Hắc Đế, Phường 6, TP. Đà Lạt",,"460 m2(17x27,5)",6.0,6.0,Sổ hồng,14/11/2023,22383465
77,https://cloud.mogi.vn/images/2023/10/30/535/86d0a0426db94fd7bdce093804b11955.jpg,Bán nhà mới hoàn thiện đường ô tô Trần Quý Cáp phường 9 Đà Lạt MN3581,9 tỷ 500 triệu,"Trần Quý Cáp, Phường 9, TP. Đà Lạt, Lâm Đồng",14/11/2023,"Bán nhà mới hoàn thiện đường ô tô Trần Quý Cáp phường 9 Đà Lạt Diện tích: 68m² (5.4m *12.5m) toàn bộ đất ở đô thị  Kết cấu: 1 trệt, 2 lầu, 1 áp mái. Gồm: 1 phòng khách, 1 phòng bếp, 4 phòng ngủ, 5 WC, 1 phòng thờ, sân thượng Pháp lý: Sổ hồng riêng chính chủ, hoàn công. Lộ giới: Đường ô tô 4m. Hướng: Tây Nam Giá bán: 9.5 tỷ Có thương lượng. Hotline: Ms. Di Nhiên - 0938898369 ———————————————— Công ty BĐS Đà Lạt Homes 39 Mai Hắc Đế, Phường 6, TP. Đà Lạt",,"68 m2(5,4x12,5)",4.0,5.0,Sổ hồng,14/11/2023,22383469
78,https://cloud.mogi.vn/images/2023/10/30/587/b589bef8d1bb43c898f8e8cdc5b903fc.jpg,Bán homestay 2 mặt tiền Thủ Khoa Huân P1 Đà Lạt ngay trung tâm MN3575,12 tỷ,"Nam Kỳ Khởi Nghĩa, Phường 1, TP. Đà Lạt, Lâm Đồng",14/11/2023,"Bán homestay 2 mặt tiền Thủ Khoa Huân phường 1 Đà Lạt ngay trung tâm Diện tích: 55,8m² (4.8m *10.6m, nở hậu 6.3m) Đất ở đô thị. Kết cấu: 1 trệt, 3 lầu, 1 áp mái,. Gồm: 8 phòng ngủ, 8 toilet. Pháp lý: Sổ hồng riêng chính chủ. Lộ giới: Đường nhựa chính 14m. Hướng: Nam. Giá bán: 12 tỷ có thương lượng Hotline: Ms. Di Nhiên - 0938898369 ———————————————— Công ty BĐS Đà Lạt Homes 39 Mai Hắc Đế, Phường 6, TP. Đà Lạt",,"56 m2(4,8x10,6)",8.0,8.0,Sổ hồng,14/11/2023,22383476
79,https://cloud.mogi.vn/images/2023/10/31/369/0c9cfa77f7ad4a4990d686c1034952ce.jpg,Bán nhà mặt tiền Nguyễn Trung Trực phường 4 Đà Lạt tiện an cư - MN3255,9 tỷ,"Triệu Việt Vương, Phường 3, TP. Đà Lạt, Lâm Đồng",14/11/2023,"Bán nhà mặt tiền Nguyễn Trung Trực phường 4 Đà Lạt  Diện tích: 94m² (4,4m *21m) nở hậu 4,8m  Kết cấu: 1 hầm, 1 trệt, 1 lầu. Gồm: 3 phòng ngủ, 3 nhà vệ sinh, phòng khách. Pháp lý: Sổ hồng riêng chính chủ. Lộ giới: Đường nhựa chính 12m Hướng: Đông Bắc. Giá bán: 9 tỷ có thương lượng. Hotline: Ms. Di Nhiên - 0938898369 ———————————————— Công ty BĐS Đà Lạt Homes 39 Mai Hắc Đế, Phường 6, TP. Đà Lạt",,"94 m2(4,4x21)",3.0,3.0,Sổ hồng,14/11/2023,22384676
80,https://cloud.mogi.vn/images/2023/10/20/450/0fdb692373ae4a00bd98ff9cf663abd8.jpg,Bán khách sạn 2 mặt tiền KQH Bà Triệu P4 Đà Lạt ngay trung tâm MN3434,15 tỷ,"Bà Triệu, Phường 4, TP. Đà Lạt, Lâm Đồng",14/11/2023,"Bán khách sạn 2 mặt tiền KQH Bà Triệu Phường 4 Đà Lạt ngay trung tâm. Diện tích: 60m² (4m * 15m) Đất ở đô thị.  Diện tích sàn: 314,4m² Kết cấu: 1 trệt, 4 lầu. Gồm: 1 sảnh lễ tân, 10 phòng kinh doanh, tầng sinh hoạt chung, 14 WC, có thang máy. Pháp lý: Sổ hồng riêng chính chủ, đã hoàn công. Lộ giới: Đường ô tô 6m.  Hướng: Nam. Giá bán: 15 tỷ có thương lượng. Hotline: Ms. Di Nhiên - 0938898369 ———————————————— Công ty BĐS Đà Lạt Homes 39 Mai Hắc Đế, Phường 6, TP. Đà Lạt",,60 m2(4x15),10.0,14.0,Sổ hồng,14/11/2023,22373222
81,https://cloud.mogi.vn/images/2023/10/23/325/a470a3e1b0e048a6bdbef68c8144a1f2.jpg,Bán nhà KQH Hoàng Diệu Phường 5 Đà Lạt ngay trung tâm thành phố MN3390,7 tỷ 800 triệu,"Hoàng Diệu, Phường 5, TP. Đà Lạt, Lâm Đồng",14/11/2023,"Bán nhà KQH Hoàng Diệu Phường 5 Đà Lạt ngay trung tâm thành phố Diện tích đất: 52,6m² (4,5m* 11,4m) toàn bộ là đất ở đô thị. Diện tích sàn: 158m² Kết cấu: 1 trệt 3 lầu. Pháp lý: sổ hồng riêng chính chủ, đã hoàn công. Lộ giới: Đường quy hoạch 8m. Hướng: Đông Nam. Giá bán: 7,8 tỷ lưu chủ. Hotline: Ms. Di Nhiên - 0938898369 ———————————————— Công ty BĐS Đà Lạt Homes 39 Mai Hắc Đế, Phường 6, TP. Đà Lạt",,"52 m2(4,5x11,4)",3.0,3.0,Sổ hồng,14/11/2023,22375881
82,https://cloud.mogi.vn/images/2023/10/23/398/d296f1d60ae64b37b14b60e8a3ad7ff7.jpg,Bán biệt thự KQH An Sơn phường 4 Đà Lạt hợp an cư nghỉ dưỡng - MN3386,26 tỷ,"An Sơn, Phường 4, TP. Đà Lạt, Lâm Đồng",14/11/2023,"Bán biệt thự KQH An Sơn phường 4 Đà Lạt an cư nghỉ dưỡng Diện tích: 207,2m² (10m * 20,7m) Đất ở đô thị.  Kết cấu: 9 phòng ngủ wc khép kín, 1 phòng karaoke, hồ bơi, có thang máy Pháp lý: Sổ hồng riêng chính chủ. Lộ giới: Đường quy hoạch 10m Hướng: Đông Bắc. Giá bán: 26 tỷ Có thương lượng. Hotline: Ms. Di Nhiên - 0938898369 ———————————————— Công ty BĐS Đà Lạt Homes 39 Mai Hắc Đế, Phường 6, TP. Đà Lạt",,"207 m2(10x20,7)",9.0,9.0,Sổ hồng,14/11/2023,22375891
83,https://cloud.mogi.vn/images/2023/10/23/432/1868243d59ca49e99f47fbc7b3bcccee.jpg,Bán khách sạn Trần Phú phường 3 Đà Lạt ngay trung tâm thành phố MN3383,35 tỷ,"Trần Phú, Phường 3, TP. Đà Lạt, Lâm Đồng",14/11/2023,"Bán khách sạn Trần Phú phường 3 Đà Lạt ngay trung tâm thành phố Diện tích đất: 124,3m² (5m*24,8m) toàn bộ đất ở đô thị. Diện tích sàn: 354m² Kết cấu: 1 trệt, 3 lầu. Gồm: 16 phòng kinh doanh, có tháng máy. Pháp lý: Sổ hồng riêng chính chủ, đã hoàn công. Lộ giới: Đường ô tô 9m rộng rãi  Hướng: Đông. Giá bán: 35 tỷ có thương lượng. Hotline: Ms. Di Nhiên - 0938898369 ———————————————— Công ty BĐS Đà Lạt Homes 39 Mai Hắc Đế, Phường 6, TP. Đà Lạt",,"124 m2(5x24,8)",16.0,16.0,Sổ hồng,14/11/2023,22375897
