ID,Title,Address,Area_m2,Number_of_Bedrooms,Number_of_Bathrooms,Date_Posted,Price
1,Biệt thự Vạn Xuân- Đà Lạt 290m2 full xây dựng sở hữu vĩnh viễn,"Huyện Lạc Dương, Lâm Đồng",290,5,5,2024-10-23,11000000000
2,"| 13,5 TỶ | Bán Villa Yersin - Phường 10 - Đà Lạt - Hỗ trợ vay tới 10ỷ","TP. Đà Lạt, Lâm Đồng",110,4,4,2024-09-23,13500000000
3,Villa Sân Vườn Khu Sang trọng Đường Cô Giang Phường 9 Đà Lạt,"TP. Đà Lạt, Lâm Đồng",200,3,3,2024-09-23,14000000000
4,"Cán bán căn Villa như hình gần khu du lịch Hồ Than Thở, P12, Đà Lạt","TP. Đà Lạt, Lâm Đồng",157,3,3,2024-09-19,8700000000
5,Cần bán khách sạn 2 mặt tiền - Ngay trung tâm - Đà Lạt,"TP. Đà Lạt, Lâm Đồng",127,12,12,2024-09-18,19500000000
6,"Cần bán nhà mới xây, Vạn Thành, Phường 5","TP. Đà Lạt, Lâm Đồng",66,3,3,2024-09-18,4600000000
7,"Bán đất tặng nhà đường Ô tô tới nhà, Phường 3, Đà Lạt","TP. Đà Lạt, Lâm Đồng",100,2,1,2024-09-16,6000000000
8,"🌈🌈Bán nhà đường nhựa 5m nguyễn siêu, 2 mặt tiền 7t5!","TP. Đà Lạt, Lâm Đồng",96,5,6,2024-09-14,7500000000
9,"Bán nhà trung tâm thành phố Bảo Lộc, Lộc Tiến","TP. Bảo Lộc, Lâm Đồng",522,4,4,2024-09-11,4999000000
10,Giảm tiếp cần  bán gấp nhà La Sơn Phu Tử Phường 6 ĐÀ LẠT,"TP. Đà Lạt, Lâm Đồng",81,3,2,2024-09-11,6200000000
11,Cần bán nhà góc 2 mặt tiền hẻm oto NGÔ THÌ SỸ giao NGÔ THÌ NHẬM,"TP. Đà Lạt, Lâm Đồng",42,4,3,2024-09-10,2450000000
12,"🎯🎯Bán homestay Hẻm 27 Lê Hồng Phong, Phường 4, Tp Đà Lạt. Homestay 3","TP. Đà Lạt, Lâm Đồng",120,1,1,2024-09-10,6800000000
13,"Bán căn nhà đẹp Phường 9, Đà Lạt","TP. Đà Lạt, Lâm Đồng",78,3,2,2024-09-10,3200000000
14,"Bán Nhà Nam Hồ, P11, Đà Lạt  - giá siêu tốt trong khu vực","TP. Đà Lạt, Lâm Đồng",62,5,6,2024-09-10,4600000000
15,Ngộp ngân hàng - Hạ giá cần bán gấp biệt thự p12,"TP. Đà Lạt, Lâm Đồng",200,6,3,2024-09-10,8100000000
16,Biệt thự Vạn Xuân- Đà Lạt 290m2 full xây dựng sở hữu vĩnh viễn,"Huyện Lạc Dương, Lâm Đồng",290,5,5,2024-10-23,11000000000
17,"| 13,5 TỶ | Bán Villa Yersin - Phường 10 - Đà Lạt - Hỗ trợ vay tới 10ỷ","TP. Đà Lạt, Lâm Đồng",110,4,4,2024-09-23,13500000000
18,Villa Sân Vườn Khu Sang trọng Đường Cô Giang Phường 9 Đà Lạt,"TP. Đà Lạt, Lâm Đồng",200,3,3,2024-09-23,14000000000
19,"Cán bán căn Villa như hình gần khu du lịch Hồ Than Thở, P12, Đà Lạt","TP. Đà Lạt, Lâm Đồng",157,3,3,2024-09-19,8700000000
20,Cần bán khách sạn 2 mặt tiền - Ngay trung tâm - Đà Lạt,"TP. Đà Lạt, Lâm Đồng",127,12,12,2024-09-18,19500000000
21,"Cần bán nhà mới xây, Vạn Thành, Phường 5","TP. Đà Lạt, Lâm Đồng",66,3,3,2024-09-18,4600000000
22,"Bán đất tặng nhà đường Ô tô tới nhà, Phường 3, Đà Lạt","TP. Đà Lạt, Lâm Đồng",100,2,1,2024-09-16,6000000000
23,"🌈🌈Bán nhà đường nhựa 5m nguyễn siêu, 2 mặt tiền 7t5!","TP. Đà Lạt, Lâm Đồng",96,5,6,2024-09-14,7500000000
24,"Bán nhà trung tâm thành phố Bảo Lộc, Lộc Tiến","TP. Bảo Lộc, Lâm Đồng",522,4,4,2024-09-11,4999000000
25,Giảm tiếp cần  bán gấp nhà La Sơn Phu Tử Phường 6 ĐÀ LẠT,"TP. Đà Lạt, Lâm Đồng",81,3,2,2024-09-11,6200000000
26,Cần bán nhà góc 2 mặt tiền hẻm oto NGÔ THÌ SỸ giao NGÔ THÌ NHẬM,"TP. Đà Lạt, Lâm Đồng",42,4,3,2024-09-10,2450000000
27,"🎯🎯Bán homestay Hẻm 27 Lê Hồng Phong, Phường 4, Tp Đà Lạt. Homestay 3","TP. Đà Lạt, Lâm Đồng",120,1,1,2024-09-10,6800000000
28,"Bán căn nhà đẹp Phường 9, Đà Lạt","TP. Đà Lạt, Lâm Đồng",78,3,2,2024-09-10,3200000000
29,"Bán Nhà Nam Hồ, P11, Đà Lạt  - giá siêu tốt trong khu vực","TP. Đà Lạt, Lâm Đồng",62,5,6,2024-09-10,4600000000
30,Ngộp ngân hàng - Hạ giá cần bán gấp biệt thự p12,"TP. Đà Lạt, Lâm Đồng",200,6,3,2024-09-10,8100000000
31,Biệt thự Vạn Xuân- Đà Lạt 290m2 full xây dựng sở hữu vĩnh viễn,"Huyện Lạc Dương, Lâm Đồng",290,5,5,2024-10-23,11000000000
32,"| 13,5 TỶ | Bán Villa Yersin - Phường 10 - Đà Lạt - Hỗ trợ vay tới 10ỷ","TP. Đà Lạt, Lâm Đồng",110,4,4,2024-09-23,13500000000
33,Villa Sân Vườn Khu Sang trọng Đường Cô Giang Phường 9 Đà Lạt,"TP. Đà Lạt, Lâm Đồng",200,3,3,2024-09-23,14000000000
34,"Cán bán căn Villa như hình gần khu du lịch Hồ Than Thở, P12, Đà Lạt","TP. Đà Lạt, Lâm Đồng",157,3,3,2024-09-19,8700000000
35,Cần bán khách sạn 2 mặt tiền - Ngay trung tâm - Đà Lạt,"TP. Đà Lạt, Lâm Đồng",127,12,12,2024-09-18,19500000000
36,"Cần bán nhà mới xây, Vạn Thành, Phường 5","TP. Đà Lạt, Lâm Đồng",66,3,3,2024-09-18,4600000000
37,"Bán đất tặng nhà đường Ô tô tới nhà, Phường 3, Đà Lạt","TP. Đà Lạt, Lâm Đồng",100,2,1,2024-09-16,6000000000
38,"🌈🌈Bán nhà đường nhựa 5m nguyễn siêu, 2 mặt tiền 7t5!","TP. Đà Lạt, Lâm Đồng",96,5,6,2024-09-14,7500000000
39,"Bán nhà trung tâm thành phố Bảo Lộc, Lộc Tiến","TP. Bảo Lộc, Lâm Đồng",522,4,4,2024-09-11,4999000000
40,Giảm tiếp cần  bán gấp nhà La Sơn Phu Tử Phường 6 ĐÀ LẠT,"TP. Đà Lạt, Lâm Đồng",81,3,2,2024-09-11,6200000000
41,Cần bán nhà góc 2 mặt tiền hẻm oto NGÔ THÌ SỸ giao NGÔ THÌ NHẬM,"TP. Đà Lạt, Lâm Đồng",42,4,3,2024-09-10,2450000000
42,"🎯🎯Bán homestay Hẻm 27 Lê Hồng Phong, Phường 4, Tp Đà Lạt. Homestay 3","TP. Đà Lạt, Lâm Đồng",120,1,1,2024-09-10,6800000000
43,"Bán căn nhà đẹp Phường 9, Đà Lạt","TP. Đà Lạt, Lâm Đồng",78,3,2,2024-09-10,3200000000
44,"Bán Nhà Nam Hồ, P11, Đà Lạt  - giá siêu tốt trong khu vực","TP. Đà Lạt, Lâm Đồng",62,5,6,2024-09-10,4600000000
45,Ngộp ngân hàng - Hạ giá cần bán gấp biệt thự p12,"TP. Đà Lạt, Lâm Đồng",200,6,3,2024-09-10,8100000000
46,Biệt thự Vạn Xuân- Đà Lạt 290m2 full xây dựng sở hữu vĩnh viễn,"Huyện Lạc Dương, Lâm Đồng",290,5,5,2024-10-23,11000000000
47,"| 13,5 TỶ | Bán Villa Yersin - Phường 10 - Đà Lạt - Hỗ trợ vay tới 10ỷ","TP. Đà Lạt, Lâm Đồng",110,4,4,2024-09-23,13500000000
48,Villa Sân Vườn Khu Sang trọng Đường Cô Giang Phường 9 Đà Lạt,"TP. Đà Lạt, Lâm Đồng",200,3,3,2024-09-23,14000000000
49,"Cán bán căn Villa như hình gần khu du lịch Hồ Than Thở, P12, Đà Lạt","TP. Đà Lạt, Lâm Đồng",157,3,3,2024-09-19,8700000000
50,Cần bán khách sạn 2 mặt tiền - Ngay trung tâm - Đà Lạt,"TP. Đà Lạt, Lâm Đồng",127,12,12,2024-09-18,19500000000
51,"Cần bán nhà mới xây, Vạn Thành, Phường 5","TP. Đà Lạt, Lâm Đồng",66,3,3,2024-09-18,4600000000
52,"Bán đất tặng nhà đường Ô tô tới nhà, Phường 3, Đà Lạt","TP. Đà Lạt, Lâm Đồng",100,2,1,2024-09-16,6000000000
53,"🌈🌈Bán nhà đường nhựa 5m nguyễn siêu, 2 mặt tiền 7t5!","TP. Đà Lạt, Lâm Đồng",96,5,6,2024-09-14,7500000000
54,"Bán nhà trung tâm thành phố Bảo Lộc, Lộc Tiến","TP. Bảo Lộc, Lâm Đồng",522,4,4,2024-09-11,4999000000
55,Giảm tiếp cần  bán gấp nhà La Sơn Phu Tử Phường 6 ĐÀ LẠT,"TP. Đà Lạt, Lâm Đồng",81,3,2,2024-09-11,6200000000
56,Cần bán nhà góc 2 mặt tiền hẻm oto NGÔ THÌ SỸ giao NGÔ THÌ NHẬM,"TP. Đà Lạt, Lâm Đồng",42,4,3,2024-09-10,2450000000
57,"🎯🎯Bán homestay Hẻm 27 Lê Hồng Phong, Phường 4, Tp Đà Lạt. Homestay 3","TP. Đà Lạt, Lâm Đồng",120,1,1,2024-09-10,6800000000
58,"Bán căn nhà đẹp Phường 9, Đà Lạt","TP. Đà Lạt, Lâm Đồng",78,3,2,2024-09-10,3200000000
59,"Bán Nhà Nam Hồ, P11, Đà Lạt  - giá siêu tốt trong khu vực","TP. Đà Lạt, Lâm Đồng",62,5,6,2024-09-10,4600000000
60,Ngộp ngân hàng - Hạ giá cần bán gấp biệt thự p12,"TP. Đà Lạt, Lâm Đồng",200,6,3,2024-09-10,8100000000
61,Biệt thự Vạn Xuân- Đà Lạt 290m2 full xây dựng sở hữu vĩnh viễn,"Huyện Lạc Dương, Lâm Đồng",290,5,5,2024-10-23,11000000000
62,"| 13,5 TỶ | Bán Villa Yersin - Phường 10 - Đà Lạt - Hỗ trợ vay tới 10ỷ","TP. Đà Lạt, Lâm Đồng",110,4,4,2024-09-23,13500000000
63,Villa Sân Vườn Khu Sang trọng Đường Cô Giang Phường 9 Đà Lạt,"TP. Đà Lạt, Lâm Đồng",200,3,3,2024-09-23,14000000000
64,"Cán bán căn Villa như hình gần khu du lịch Hồ Than Thở, P12, Đà Lạt","TP. Đà Lạt, Lâm Đồng",157,3,3,2024-09-19,8700000000
65,Cần bán khách sạn 2 mặt tiền - Ngay trung tâm - Đà Lạt,"TP. Đà Lạt, Lâm Đồng",127,12,12,2024-09-18,19500000000
66,"Cần bán nhà mới xây, Vạn Thành, Phường 5","TP. Đà Lạt, Lâm Đồng",66,3,3,2024-09-18,4600000000
67,"Bán đất tặng nhà đường Ô tô tới nhà, Phường 3, Đà Lạt","TP. Đà Lạt, Lâm Đồng",100,2,1,2024-09-16,6000000000
68,"🌈🌈Bán nhà đường nhựa 5m nguyễn siêu, 2 mặt tiền 7t5!","TP. Đà Lạt, Lâm Đồng",96,5,6,2024-09-14,7500000000
69,"Bán nhà trung tâm thành phố Bảo Lộc, Lộc Tiến","TP. Bảo Lộc, Lâm Đồng",522,4,4,2024-09-11,4999000000
70,Giảm tiếp cần  bán gấp nhà La Sơn Phu Tử Phường 6 ĐÀ LẠT,"TP. Đà Lạt, Lâm Đồng",81,3,2,2024-09-11,6200000000
71,Cần bán nhà góc 2 mặt tiền hẻm oto NGÔ THÌ SỸ giao NGÔ THÌ NHẬM,"TP. Đà Lạt, Lâm Đồng",42,4,3,2024-09-10,2450000000
72,"🎯🎯Bán homestay Hẻm 27 Lê Hồng Phong, Phường 4, Tp Đà Lạt. Homestay 3","TP. Đà Lạt, Lâm Đồng",120,1,1,2024-09-10,6800000000
73,"Bán căn nhà đẹp Phường 9, Đà Lạt","TP. Đà Lạt, Lâm Đồng",78,3,2,2024-09-10,3200000000
74,"Bán Nhà Nam Hồ, P11, Đà Lạt  - giá siêu tốt trong khu vực","TP. Đà Lạt, Lâm Đồng",62,5,6,2024-09-10,4600000000
75,Ngộp ngân hàng - Hạ giá cần bán gấp biệt thự p12,"TP. Đà Lạt, Lâm Đồng",200,6,3,2024-09-10,8100000000
76,Biệt thự Vạn Xuân- Đà Lạt 290m2 full xây dựng sở hữu vĩnh viễn,"Huyện Lạc Dương, Lâm Đồng",290,5,5,2024-10-23,11000000000
77,"| 13,5 TỶ | Bán Villa Yersin - Phường 10 - Đà Lạt - Hỗ trợ vay tới 10ỷ","TP. Đà Lạt, Lâm Đồng",110,4,4,2024-09-23,13500000000
78,Villa Sân Vườn Khu Sang trọng Đường Cô Giang Phường 9 Đà Lạt,"TP. Đà Lạt, Lâm Đồng",200,3,3,2024-09-23,14000000000
79,"Cán bán căn Villa như hình gần khu du lịch Hồ Than Thở, P12, Đà Lạt","TP. Đà Lạt, Lâm Đồng",157,3,3,2024-09-19,8700000000
80,Cần bán khách sạn 2 mặt tiền - Ngay trung tâm - Đà Lạt,"TP. Đà Lạt, Lâm Đồng",127,12,12,2024-09-18,19500000000
81,"Cần bán nhà mới xây, Vạn Thành, Phường 5","TP. Đà Lạt, Lâm Đồng",66,3,3,2024-09-18,4600000000
82,"Bán đất tặng nhà đường Ô tô tới nhà, Phường 3, Đà Lạt","TP. Đà Lạt, Lâm Đồng",100,2,1,2024-09-16,6000000000
83,"🌈🌈Bán nhà đường nhựa 5m nguyễn siêu, 2 mặt tiền 7t5!","TP. Đà Lạt, Lâm Đồng",96,5,6,2024-09-14,7500000000
84,"Bán nhà trung tâm thành phố Bảo Lộc, Lộc Tiến","TP. Bảo Lộc, Lâm Đồng",522,4,4,2024-09-11,4999000000
85,Giảm tiếp cần  bán gấp nhà La Sơn Phu Tử Phường 6 ĐÀ LẠT,"TP. Đà Lạt, Lâm Đồng",81,3,2,2024-09-11,6200000000
86,Cần bán nhà góc 2 mặt tiền hẻm oto NGÔ THÌ SỸ giao NGÔ THÌ NHẬM,"TP. Đà Lạt, Lâm Đồng",42,4,3,2024-09-10,2450000000
87,"🎯🎯Bán homestay Hẻm 27 Lê Hồng Phong, Phường 4, Tp Đà Lạt. Homestay 3","TP. Đà Lạt, Lâm Đồng",120,1,1,2024-09-10,6800000000
88,"Bán căn nhà đẹp Phường 9, Đà Lạt","TP. Đà Lạt, Lâm Đồng",78,3,2,2024-09-10,3200000000
89,"Bán Nhà Nam Hồ, P11, Đà Lạt  - giá siêu tốt trong khu vực","TP. Đà Lạt, Lâm Đồng",62,5,6,2024-09-10,4600000000
90,Ngộp ngân hàng - Hạ giá cần bán gấp biệt thự p12,"TP. Đà Lạt, Lâm Đồng",200,6,3,2024-09-10,8100000000
91,Biệt thự Vạn Xuân- Đà Lạt 290m2 full xây dựng sở hữu vĩnh viễn,"Huyện Lạc Dương, Lâm Đồng",290,5,5,2024-10-23,11000000000
92,"| 13,5 TỶ | Bán Villa Yersin - Phường 10 - Đà Lạt - Hỗ trợ vay tới 10ỷ","TP. Đà Lạt, Lâm Đồng",110,4,4,2024-09-23,13500000000
93,Villa Sân Vườn Khu Sang trọng Đường Cô Giang Phường 9 Đà Lạt,"TP. Đà Lạt, Lâm Đồng",200,3,3,2024-09-23,14000000000
94,"Cán bán căn Villa như hình gần khu du lịch Hồ Than Thở, P12, Đà Lạt","TP. Đà Lạt, Lâm Đồng",157,3,3,2024-09-19,8700000000
95,Cần bán khách sạn 2 mặt tiền - Ngay trung tâm - Đà Lạt,"TP. Đà Lạt, Lâm Đồng",127,12,12,2024-09-18,19500000000
96,"Cần bán nhà mới xây, Vạn Thành, Phường 5","TP. Đà Lạt, Lâm Đồng",66,3,3,2024-09-18,4600000000
97,"Bán đất tặng nhà đường Ô tô tới nhà, Phường 3, Đà Lạt","TP. Đà Lạt, Lâm Đồng",100,2,1,2024-09-16,6000000000
98,"🌈🌈Bán nhà đường nhựa 5m nguyễn siêu, 2 mặt tiền 7t5!","TP. Đà Lạt, Lâm Đồng",96,5,6,2024-09-14,7500000000
99,"Bán nhà trung tâm thành phố Bảo Lộc, Lộc Tiến","TP. Bảo Lộc, Lâm Đồng",522,4,4,2024-09-11,4999000000
100,Giảm tiếp cần  bán gấp nhà La Sơn Phu Tử Phường 6 ĐÀ LẠT,"TP. Đà Lạt, Lâm Đồng",81,3,2,2024-09-11,6200000000
101,Cần bán nhà góc 2 mặt tiền hẻm oto NGÔ THÌ SỸ giao NGÔ THÌ NHẬM,"TP. Đà Lạt, Lâm Đồng",42,4,3,2024-09-10,2450000000
102,"🎯🎯Bán homestay Hẻm 27 Lê Hồng Phong, Phường 4, Tp Đà Lạt. Homestay 3","TP. Đà Lạt, Lâm Đồng",120,1,1,2024-09-10,6800000000
103,"Bán căn nhà đẹp Phường 9, Đà Lạt","TP. Đà Lạt, Lâm Đồng",78,3,2,2024-09-10,3200000000
104,"Bán Nhà Nam Hồ, P11, Đà Lạt  - giá siêu tốt trong khu vực","TP. Đà Lạt, Lâm Đồng",62,5,6,2024-09-10,4600000000
105,Ngộp ngân hàng - Hạ giá cần bán gấp biệt thự p12,"TP. Đà Lạt, Lâm Đồng",200,6,3,2024-09-10,8100000000
106,Biệt thự Vạn Xuân- Đà Lạt 290m2 full xây dựng sở hữu vĩnh viễn,"Huyện Lạc Dương, Lâm Đồng",290,5,5,2024-10-23,11000000000
107,"| 13,5 TỶ | Bán Villa Yersin - Phường 10 - Đà Lạt - Hỗ trợ vay tới 10ỷ","TP. Đà Lạt, Lâm Đồng",110,4,4,2024-09-23,13500000000
108,Villa Sân Vườn Khu Sang trọng Đường Cô Giang Phường 9 Đà Lạt,"TP. Đà Lạt, Lâm Đồng",200,3,3,2024-09-23,14000000000
109,"Cán bán căn Villa như hình gần khu du lịch Hồ Than Thở, P12, Đà Lạt","TP. Đà Lạt, Lâm Đồng",157,3,3,2024-09-19,8700000000
110,Cần bán khách sạn 2 mặt tiền - Ngay trung tâm - Đà Lạt,"TP. Đà Lạt, Lâm Đồng",127,12,12,2024-09-18,19500000000
111,"Cần bán nhà mới xây, Vạn Thành, Phường 5","TP. Đà Lạt, Lâm Đồng",66,3,3,2024-09-18,4600000000
112,"Bán đất tặng nhà đường Ô tô tới nhà, Phường 3, Đà Lạt","TP. Đà Lạt, Lâm Đồng",100,2,1,2024-09-16,6000000000
113,"🌈🌈Bán nhà đường nhựa 5m nguyễn siêu, 2 mặt tiền 7t5!","TP. Đà Lạt, Lâm Đồng",96,5,6,2024-09-14,7500000000
114,"Bán nhà trung tâm thành phố Bảo Lộc, Lộc Tiến","TP. Bảo Lộc, Lâm Đồng",522,4,4,2024-09-11,4999000000
115,Giảm tiếp cần  bán gấp nhà La Sơn Phu Tử Phường 6 ĐÀ LẠT,"TP. Đà Lạt, Lâm Đồng",81,3,2,2024-09-11,6200000000
116,Cần bán nhà góc 2 mặt tiền hẻm oto NGÔ THÌ SỸ giao NGÔ THÌ NHẬM,"TP. Đà Lạt, Lâm Đồng",42,4,3,2024-09-10,2450000000
117,"🎯🎯Bán homestay Hẻm 27 Lê Hồng Phong, Phường 4, Tp Đà Lạt. Homestay 3","TP. Đà Lạt, Lâm Đồng",120,1,1,2024-09-10,6800000000
118,"Bán căn nhà đẹp Phường 9, Đà Lạt","TP. Đà Lạt, Lâm Đồng",78,3,2,2024-09-10,3200000000
119,"Bán Nhà Nam Hồ, P11, Đà Lạt  - giá siêu tốt trong khu vực","TP. Đà Lạt, Lâm Đồng",62,5,6,2024-09-10,4600000000
120,Ngộp ngân hàng - Hạ giá cần bán gấp biệt thự p12,"TP. Đà Lạt, Lâm Đồng",200,6,3,2024-09-10,8100000000
121,Biệt thự Vạn Xuân- Đà Lạt 290m2 full xây dựng sở hữu vĩnh viễn,"Huyện Lạc Dương, Lâm Đồng",290,5,5,2024-10-23,11000000000
122,"| 13,5 TỶ | Bán Villa Yersin - Phường 10 - Đà Lạt - Hỗ trợ vay tới 10ỷ","TP. Đà Lạt, Lâm Đồng",110,4,4,2024-09-23,13500000000
123,Villa Sân Vườn Khu Sang trọng Đường Cô Giang Phường 9 Đà Lạt,"TP. Đà Lạt, Lâm Đồng",200,3,3,2024-09-23,14000000000
124,"Cán bán căn Villa như hình gần khu du lịch Hồ Than Thở, P12, Đà Lạt","TP. Đà Lạt, Lâm Đồng",157,3,3,2024-09-19,8700000000
125,Cần bán khách sạn 2 mặt tiền - Ngay trung tâm - Đà Lạt,"TP. Đà Lạt, Lâm Đồng",127,12,12,2024-09-18,19500000000
126,"Cần bán nhà mới xây, Vạn Thành, Phường 5","TP. Đà Lạt, Lâm Đồng",66,3,3,2024-09-18,4600000000
127,"Bán đất tặng nhà đường Ô tô tới nhà, Phường 3, Đà Lạt","TP. Đà Lạt, Lâm Đồng",100,2,1,2024-09-16,6000000000
128,"🌈🌈Bán nhà đường nhựa 5m nguyễn siêu, 2 mặt tiền 7t5!","TP. Đà Lạt, Lâm Đồng",96,5,6,2024-09-14,7500000000
129,"Bán nhà trung tâm thành phố Bảo Lộc, Lộc Tiến","TP. Bảo Lộc, Lâm Đồng",522,4,4,2024-09-11,4999000000
130,Giảm tiếp cần  bán gấp nhà La Sơn Phu Tử Phường 6 ĐÀ LẠT,"TP. Đà Lạt, Lâm Đồng",81,3,2,2024-09-11,6200000000
131,Cần bán nhà góc 2 mặt tiền hẻm oto NGÔ THÌ SỸ giao NGÔ THÌ NHẬM,"TP. Đà Lạt, Lâm Đồng",42,4,3,2024-09-10,2450000000
132,"🎯🎯Bán homestay Hẻm 27 Lê Hồng Phong, Phường 4, Tp Đà Lạt. Homestay 3","TP. Đà Lạt, Lâm Đồng",120,1,1,2024-09-10,6800000000
133,"Bán căn nhà đẹp Phường 9, Đà Lạt","TP. Đà Lạt, Lâm Đồng",78,3,2,2024-09-10,3200000000
134,"Bán Nhà Nam Hồ, P11, Đà Lạt  - giá siêu tốt trong khu vực","TP. Đà Lạt, Lâm Đồng",62,5,6,2024-09-10,4600000000
135,Ngộp ngân hàng - Hạ giá cần bán gấp biệt thự p12,"TP. Đà Lạt, Lâm Đồng",200,6,3,2024-09-10,8100000000
136,Biệt thự Vạn Xuân- Đà Lạt 290m2 full xây dựng sở hữu vĩnh viễn,"Huyện Lạc Dương, Lâm Đồng",290,5,5,2024-10-23,11000000000
137,"| 13,5 TỶ | Bán Villa Yersin - Phường 10 - Đà Lạt - Hỗ trợ vay tới 10ỷ","TP. Đà Lạt, Lâm Đồng",110,4,4,2024-09-23,13500000000
138,Villa Sân Vườn Khu Sang trọng Đường Cô Giang Phường 9 Đà Lạt,"TP. Đà Lạt, Lâm Đồng",200,3,3,2024-09-23,14000000000
139,"Cán bán căn Villa như hình gần khu du lịch Hồ Than Thở, P12, Đà Lạt","TP. Đà Lạt, Lâm Đồng",157,3,3,2024-09-19,8700000000
140,Cần bán khách sạn 2 mặt tiền - Ngay trung tâm - Đà Lạt,"TP. Đà Lạt, Lâm Đồng",127,12,12,2024-09-18,19500000000
141,"Cần bán nhà mới xây, Vạn Thành, Phường 5","TP. Đà Lạt, Lâm Đồng",66,3,3,2024-09-18,4600000000
142,"Bán đất tặng nhà đường Ô tô tới nhà, Phường 3, Đà Lạt","TP. Đà Lạt, Lâm Đồng",100,2,1,2024-09-16,6000000000
143,"🌈🌈Bán nhà đường nhựa 5m nguyễn siêu, 2 mặt tiền 7t5!","TP. Đà Lạt, Lâm Đồng",96,5,6,2024-09-14,7500000000
144,"Bán nhà trung tâm thành phố Bảo Lộc, Lộc Tiến","TP. Bảo Lộc, Lâm Đồng",522,4,4,2024-09-11,4999000000
145,Giảm tiếp cần  bán gấp nhà La Sơn Phu Tử Phường 6 ĐÀ LẠT,"TP. Đà Lạt, Lâm Đồng",81,3,2,2024-09-11,6200000000
146,Cần bán nhà góc 2 mặt tiền hẻm oto NGÔ THÌ SỸ giao NGÔ THÌ NHẬM,"TP. Đà Lạt, Lâm Đồng",42,4,3,2024-09-10,2450000000
147,"🎯🎯Bán homestay Hẻm 27 Lê Hồng Phong, Phường 4, Tp Đà Lạt. Homestay 3","TP. Đà Lạt, Lâm Đồng",120,1,1,2024-09-10,6800000000
148,"Bán căn nhà đẹp Phường 9, Đà Lạt","TP. Đà Lạt, Lâm Đồng",78,3,2,2024-09-10,3200000000
149,"Bán Nhà Nam Hồ, P11, Đà Lạt  - giá siêu tốt trong khu vực","TP. Đà Lạt, Lâm Đồng",62,5,6,2024-09-10,4600000000
150,Ngộp ngân hàng - Hạ giá cần bán gấp biệt thự p12,"TP. Đà Lạt, Lâm Đồng",200,6,3,2024-09-10,8100000000
151,Biệt thự Vạn Xuân- Đà Lạt 290m2 full xây dựng sở hữu vĩnh viễn,"Huyện Lạc Dương, Lâm Đồng",290,5,5,2024-10-23,11000000000
152,"| 13,5 TỶ | Bán Villa Yersin - Phường 10 - Đà Lạt - Hỗ trợ vay tới 10ỷ","TP. Đà Lạt, Lâm Đồng",110,4,4,2024-09-23,13500000000
153,Villa Sân Vườn Khu Sang trọng Đường Cô Giang Phường 9 Đà Lạt,"TP. Đà Lạt, Lâm Đồng",200,3,3,2024-09-23,14000000000
154,"Cán bán căn Villa như hình gần khu du lịch Hồ Than Thở, P12, Đà Lạt","TP. Đà Lạt, Lâm Đồng",157,3,3,2024-09-19,8700000000
155,Cần bán khách sạn 2 mặt tiền - Ngay trung tâm - Đà Lạt,"TP. Đà Lạt, Lâm Đồng",127,12,12,2024-09-18,19500000000
156,"Cần bán nhà mới xây, Vạn Thành, Phường 5","TP. Đà Lạt, Lâm Đồng",66,3,3,2024-09-18,4600000000
157,"Bán đất tặng nhà đường Ô tô tới nhà, Phường 3, Đà Lạt","TP. Đà Lạt, Lâm Đồng",100,2,1,2024-09-16,6000000000
158,"🌈🌈Bán nhà đường nhựa 5m nguyễn siêu, 2 mặt tiền 7t5!","TP. Đà Lạt, Lâm Đồng",96,5,6,2024-09-14,7500000000
159,"Bán nhà trung tâm thành phố Bảo Lộc, Lộc Tiến","TP. Bảo Lộc, Lâm Đồng",522,4,4,2024-09-11,4999000000
160,Giảm tiếp cần  bán gấp nhà La Sơn Phu Tử Phường 6 ĐÀ LẠT,"TP. Đà Lạt, Lâm Đồng",81,3,2,2024-09-11,6200000000
161,Cần bán nhà góc 2 mặt tiền hẻm oto NGÔ THÌ SỸ giao NGÔ THÌ NHẬM,"TP. Đà Lạt, Lâm Đồng",42,4,3,2024-09-10,2450000000
162,"🎯🎯Bán homestay Hẻm 27 Lê Hồng Phong, Phường 4, Tp Đà Lạt. Homestay 3","TP. Đà Lạt, Lâm Đồng",120,1,1,2024-09-10,6800000000
163,"Bán căn nhà đẹp Phường 9, Đà Lạt","TP. Đà Lạt, Lâm Đồng",78,3,2,2024-09-10,3200000000
164,"Bán Nhà Nam Hồ, P11, Đà Lạt  - giá siêu tốt trong khu vực","TP. Đà Lạt, Lâm Đồng",62,5,6,2024-09-10,4600000000
165,Ngộp ngân hàng - Hạ giá cần bán gấp biệt thự p12,"TP. Đà Lạt, Lâm Đồng",200,6,3,2024-09-10,8100000000
166,Biệt thự Vạn Xuân- Đà Lạt 290m2 full xây dựng sở hữu vĩnh viễn,"Huyện Lạc Dương, Lâm Đồng",290,5,5,2024-10-23,11000000000
167,"| 13,5 TỶ | Bán Villa Yersin - Phường 10 - Đà Lạt - Hỗ trợ vay tới 10ỷ","TP. Đà Lạt, Lâm Đồng",110,4,4,2024-09-23,13500000000
168,Villa Sân Vườn Khu Sang trọng Đường Cô Giang Phường 9 Đà Lạt,"TP. Đà Lạt, Lâm Đồng",200,3,3,2024-09-23,14000000000
169,"Cán bán căn Villa như hình gần khu du lịch Hồ Than Thở, P12, Đà Lạt","TP. Đà Lạt, Lâm Đồng",157,3,3,2024-09-19,8700000000
170,Cần bán khách sạn 2 mặt tiền - Ngay trung tâm - Đà Lạt,"TP. Đà Lạt, Lâm Đồng",127,12,12,2024-09-18,19500000000
171,"Cần bán nhà mới xây, Vạn Thành, Phường 5","TP. Đà Lạt, Lâm Đồng",66,3,3,2024-09-18,4600000000
172,"Bán đất tặng nhà đường Ô tô tới nhà, Phường 3, Đà Lạt","TP. Đà Lạt, Lâm Đồng",100,2,1,2024-09-16,6000000000
173,"🌈🌈Bán nhà đường nhựa 5m nguyễn siêu, 2 mặt tiền 7t5!","TP. Đà Lạt, Lâm Đồng",96,5,6,2024-09-14,7500000000
174,"Bán nhà trung tâm thành phố Bảo Lộc, Lộc Tiến","TP. Bảo Lộc, Lâm Đồng",522,4,4,2024-09-11,4999000000
175,Giảm tiếp cần  bán gấp nhà La Sơn Phu Tử Phường 6 ĐÀ LẠT,"TP. Đà Lạt, Lâm Đồng",81,3,2,2024-09-11,6200000000
176,Cần bán nhà góc 2 mặt tiền hẻm oto NGÔ THÌ SỸ giao NGÔ THÌ NHẬM,"TP. Đà Lạt, Lâm Đồng",42,4,3,2024-09-10,2450000000
177,"🎯🎯Bán homestay Hẻm 27 Lê Hồng Phong, Phường 4, Tp Đà Lạt. Homestay 3","TP. Đà Lạt, Lâm Đồng",120,1,1,2024-09-10,6800000000
178,"Bán căn nhà đẹp Phường 9, Đà Lạt","TP. Đà Lạt, Lâm Đồng",78,3,2,2024-09-10,3200000000
179,"Bán Nhà Nam Hồ, P11, Đà Lạt  - giá siêu tốt trong khu vực","TP. Đà Lạt, Lâm Đồng",62,5,6,2024-09-10,4600000000
180,Ngộp ngân hàng - Hạ giá cần bán gấp biệt thự p12,"TP. Đà Lạt, Lâm Đồng",200,6,3,2024-09-10,8100000000
181,Biệt thự Vạn Xuân- Đà Lạt 290m2 full xây dựng sở hữu vĩnh viễn,"Huyện Lạc Dương, Lâm Đồng",290,5,5,2024-10-23,11000000000
182,"| 13,5 TỶ | Bán Villa Yersin - Phường 10 - Đà Lạt - Hỗ trợ vay tới 10ỷ","TP. Đà Lạt, Lâm Đồng",110,4,4,2024-09-23,13500000000
183,Villa Sân Vườn Khu Sang trọng Đường Cô Giang Phường 9 Đà Lạt,"TP. Đà Lạt, Lâm Đồng",200,3,3,2024-09-23,14000000000
184,"Cán bán căn Villa như hình gần khu du lịch Hồ Than Thở, P12, Đà Lạt","TP. Đà Lạt, Lâm Đồng",157,3,3,2024-09-19,8700000000
185,Cần bán khách sạn 2 mặt tiền - Ngay trung tâm - Đà Lạt,"TP. Đà Lạt, Lâm Đồng",127,12,12,2024-09-18,19500000000
186,"Cần bán nhà mới xây, Vạn Thành, Phường 5","TP. Đà Lạt, Lâm Đồng",66,3,3,2024-09-18,4600000000
187,"Bán đất tặng nhà đường Ô tô tới nhà, Phường 3, Đà Lạt","TP. Đà Lạt, Lâm Đồng",100,2,1,2024-09-16,6000000000
188,"🌈🌈Bán nhà đường nhựa 5m nguyễn siêu, 2 mặt tiền 7t5!","TP. Đà Lạt, Lâm Đồng",96,5,6,2024-09-14,7500000000
189,"Bán nhà trung tâm thành phố Bảo Lộc, Lộc Tiến","TP. Bảo Lộc, Lâm Đồng",522,4,4,2024-09-11,4999000000
190,Giảm tiếp cần  bán gấp nhà La Sơn Phu Tử Phường 6 ĐÀ LẠT,"TP. Đà Lạt, Lâm Đồng",81,3,2,2024-09-11,6200000000
191,Cần bán nhà góc 2 mặt tiền hẻm oto NGÔ THÌ SỸ giao NGÔ THÌ NHẬM,"TP. Đà Lạt, Lâm Đồng",42,4,3,2024-09-10,2450000000
192,"🎯🎯Bán homestay Hẻm 27 Lê Hồng Phong, Phường 4, Tp Đà Lạt. Homestay 3","TP. Đà Lạt, Lâm Đồng",120,1,1,2024-09-10,6800000000
193,"Bán căn nhà đẹp Phường 9, Đà Lạt","TP. Đà Lạt, Lâm Đồng",78,3,2,2024-09-10,3200000000
194,"Bán Nhà Nam Hồ, P11, Đà Lạt  - giá siêu tốt trong khu vực","TP. Đà Lạt, Lâm Đồng",62,5,6,2024-09-10,4600000000
195,Ngộp ngân hàng - Hạ giá cần bán gấp biệt thự p12,"TP. Đà Lạt, Lâm Đồng",200,6,3,2024-09-10,8100000000
196,Biệt thự Vạn Xuân- Đà Lạt 290m2 full xây dựng sở hữu vĩnh viễn,"Huyện Lạc Dương, Lâm Đồng",290,5,5,2024-10-23,11000000000
197,"| 13,5 TỶ | Bán Villa Yersin - Phường 10 - Đà Lạt - Hỗ trợ vay tới 10ỷ","TP. Đà Lạt, Lâm Đồng",110,4,4,2024-09-23,13500000000
198,Villa Sân Vườn Khu Sang trọng Đường Cô Giang Phường 9 Đà Lạt,"TP. Đà Lạt, Lâm Đồng",200,3,3,2024-09-23,14000000000
199,"Cán bán căn Villa như hình gần khu du lịch Hồ Than Thở, P12, Đà Lạt","TP. Đà Lạt, Lâm Đồng",157,3,3,2024-09-19,8700000000
200,Cần bán khách sạn 2 mặt tiền - Ngay trung tâm - Đà Lạt,"TP. Đà Lạt, Lâm Đồng",127,12,12,2024-09-18,19500000000
201,"Cần bán nhà mới xây, Vạn Thành, Phường 5","TP. Đà Lạt, Lâm Đồng",66,3,3,2024-09-18,4600000000
202,"Bán đất tặng nhà đường Ô tô tới nhà, Phường 3, Đà Lạt","TP. Đà Lạt, Lâm Đồng",100,2,1,2024-09-16,6000000000
203,"🌈🌈Bán nhà đường nhựa 5m nguyễn siêu, 2 mặt tiền 7t5!","TP. Đà Lạt, Lâm Đồng",96,5,6,2024-09-14,7500000000
204,"Bán nhà trung tâm thành phố Bảo Lộc, Lộc Tiến","TP. Bảo Lộc, Lâm Đồng",522,4,4,2024-09-11,4999000000
205,Giảm tiếp cần  bán gấp nhà La Sơn Phu Tử Phường 6 ĐÀ LẠT,"TP. Đà Lạt, Lâm Đồng",81,3,2,2024-09-11,6200000000
206,Cần bán nhà góc 2 mặt tiền hẻm oto NGÔ THÌ SỸ giao NGÔ THÌ NHẬM,"TP. Đà Lạt, Lâm Đồng",42,4,3,2024-09-10,2450000000
207,"🎯🎯Bán homestay Hẻm 27 Lê Hồng Phong, Phường 4, Tp Đà Lạt. Homestay 3","TP. Đà Lạt, Lâm Đồng",120,1,1,2024-09-10,6800000000
208,"Bán căn nhà đẹp Phường 9, Đà Lạt","TP. Đà Lạt, Lâm Đồng",78,3,2,2024-09-10,3200000000
209,"Bán Nhà Nam Hồ, P11, Đà Lạt  - giá siêu tốt trong khu vực","TP. Đà Lạt, Lâm Đồng",62,5,6,2024-09-10,4600000000
210,Ngộp ngân hàng - Hạ giá cần bán gấp biệt thự p12,"TP. Đà Lạt, Lâm Đồng",200,6,3,2024-09-10,8100000000
211,Biệt thự Vạn Xuân- Đà Lạt 290m2 full xây dựng sở hữu vĩnh viễn,"Huyện Lạc Dương, Lâm Đồng",290,5,5,2024-10-23,11000000000
212,"| 13,5 TỶ | Bán Villa Yersin - Phường 10 - Đà Lạt - Hỗ trợ vay tới 10ỷ","TP. Đà Lạt, Lâm Đồng",110,4,4,2024-09-23,13500000000
213,Villa Sân Vườn Khu Sang trọng Đường Cô Giang Phường 9 Đà Lạt,"TP. Đà Lạt, Lâm Đồng",200,3,3,2024-09-23,14000000000
214,"Cán bán căn Villa như hình gần khu du lịch Hồ Than Thở, P12, Đà Lạt","TP. Đà Lạt, Lâm Đồng",157,3,3,2024-09-19,8700000000
215,Cần bán khách sạn 2 mặt tiền - Ngay trung tâm - Đà Lạt,"TP. Đà Lạt, Lâm Đồng",127,12,12,2024-09-18,19500000000
216,"Cần bán nhà mới xây, Vạn Thành, Phường 5","TP. Đà Lạt, Lâm Đồng",66,3,3,2024-09-18,4600000000
217,"Bán đất tặng nhà đường Ô tô tới nhà, Phường 3, Đà Lạt","TP. Đà Lạt, Lâm Đồng",100,2,1,2024-09-16,6000000000
218,"🌈🌈Bán nhà đường nhựa 5m nguyễn siêu, 2 mặt tiền 7t5!","TP. Đà Lạt, Lâm Đồng",96,5,6,2024-09-14,7500000000
219,"Bán nhà trung tâm thành phố Bảo Lộc, Lộc Tiến","TP. Bảo Lộc, Lâm Đồng",522,4,4,2024-09-11,4999000000
220,Giảm tiếp cần  bán gấp nhà La Sơn Phu Tử Phường 6 ĐÀ LẠT,"TP. Đà Lạt, Lâm Đồng",81,3,2,2024-09-11,6200000000
221,Cần bán nhà góc 2 mặt tiền hẻm oto NGÔ THÌ SỸ giao NGÔ THÌ NHẬM,"TP. Đà Lạt, Lâm Đồng",42,4,3,2024-09-10,2450000000
222,"🎯🎯Bán homestay Hẻm 27 Lê Hồng Phong, Phường 4, Tp Đà Lạt. Homestay 3","TP. Đà Lạt, Lâm Đồng",120,1,1,2024-09-10,6800000000
223,"Bán căn nhà đẹp Phường 9, Đà Lạt","TP. Đà Lạt, Lâm Đồng",78,3,2,2024-09-10,3200000000
224,"Bán Nhà Nam Hồ, P11, Đà Lạt  - giá siêu tốt trong khu vực","TP. Đà Lạt, Lâm Đồng",62,5,6,2024-09-10,4600000000
225,Ngộp ngân hàng - Hạ giá cần bán gấp biệt thự p12,"TP. Đà Lạt, Lâm Đồng",200,6,3,2024-09-10,8100000000
226,Biệt thự Vạn Xuân- Đà Lạt 290m2 full xây dựng sở hữu vĩnh viễn,"Huyện Lạc Dương, Lâm Đồng",290,5,5,2024-10-23,11000000000
227,"| 13,5 TỶ | Bán Villa Yersin - Phường 10 - Đà Lạt - Hỗ trợ vay tới 10ỷ","TP. Đà Lạt, Lâm Đồng",110,4,4,2024-09-23,13500000000
228,Villa Sân Vườn Khu Sang trọng Đường Cô Giang Phường 9 Đà Lạt,"TP. Đà Lạt, Lâm Đồng",200,3,3,2024-09-23,14000000000
229,"Cán bán căn Villa như hình gần khu du lịch Hồ Than Thở, P12, Đà Lạt","TP. Đà Lạt, Lâm Đồng",157,3,3,2024-09-19,8700000000
230,Cần bán khách sạn 2 mặt tiền - Ngay trung tâm - Đà Lạt,"TP. Đà Lạt, Lâm Đồng",127,12,12,2024-09-18,19500000000
231,"Cần bán nhà mới xây, Vạn Thành, Phường 5","TP. Đà Lạt, Lâm Đồng",66,3,3,2024-09-18,4600000000
232,"Bán đất tặng nhà đường Ô tô tới nhà, Phường 3, Đà Lạt","TP. Đà Lạt, Lâm Đồng",100,2,1,2024-09-16,6000000000
233,"🌈🌈Bán nhà đường nhựa 5m nguyễn siêu, 2 mặt tiền 7t5!","TP. Đà Lạt, Lâm Đồng",96,5,6,2024-09-14,7500000000
234,"Bán nhà trung tâm thành phố Bảo Lộc, Lộc Tiến","TP. Bảo Lộc, Lâm Đồng",522,4,4,2024-09-11,4999000000
235,Giảm tiếp cần  bán gấp nhà La Sơn Phu Tử Phường 6 ĐÀ LẠT,"TP. Đà Lạt, Lâm Đồng",81,3,2,2024-09-11,6200000000
236,Cần bán nhà góc 2 mặt tiền hẻm oto NGÔ THÌ SỸ giao NGÔ THÌ NHẬM,"TP. Đà Lạt, Lâm Đồng",42,4,3,2024-09-10,2450000000
237,"🎯🎯Bán homestay Hẻm 27 Lê Hồng Phong, Phường 4, Tp Đà Lạt. Homestay 3","TP. Đà Lạt, Lâm Đồng",120,1,1,2024-09-10,6800000000
238,"Bán căn nhà đẹp Phường 9, Đà Lạt","TP. Đà Lạt, Lâm Đồng",78,3,2,2024-09-10,3200000000
239,"Bán Nhà Nam Hồ, P11, Đà Lạt  - giá siêu tốt trong khu vực","TP. Đà Lạt, Lâm Đồng",62,5,6,2024-09-10,4600000000
240,Ngộp ngân hàng - Hạ giá cần bán gấp biệt thự p12,"TP. Đà Lạt, Lâm Đồng",200,6,3,2024-09-10,8100000000
241,Biệt thự Vạn Xuân- Đà Lạt 290m2 full xây dựng sở hữu vĩnh viễn,"Huyện Lạc Dương, Lâm Đồng",290,5,5,2024-10-23,11000000000
242,"| 13,5 TỶ | Bán Villa Yersin - Phường 10 - Đà Lạt - Hỗ trợ vay tới 10ỷ","TP. Đà Lạt, Lâm Đồng",110,4,4,2024-09-23,13500000000
243,Villa Sân Vườn Khu Sang trọng Đường Cô Giang Phường 9 Đà Lạt,"TP. Đà Lạt, Lâm Đồng",200,3,3,2024-09-23,14000000000
244,"Cán bán căn Villa như hình gần khu du lịch Hồ Than Thở, P12, Đà Lạt","TP. Đà Lạt, Lâm Đồng",157,3,3,2024-09-19,8700000000
245,Cần bán khách sạn 2 mặt tiền - Ngay trung tâm - Đà Lạt,"TP. Đà Lạt, Lâm Đồng",127,12,12,2024-09-18,19500000000
246,"Cần bán nhà mới xây, Vạn Thành, Phường 5","TP. Đà Lạt, Lâm Đồng",66,3,3,2024-09-18,4600000000
247,"Bán đất tặng nhà đường Ô tô tới nhà, Phường 3, Đà Lạt","TP. Đà Lạt, Lâm Đồng",100,2,1,2024-09-16,6000000000
248,"🌈🌈Bán nhà đường nhựa 5m nguyễn siêu, 2 mặt tiền 7t5!","TP. Đà Lạt, Lâm Đồng",96,5,6,2024-09-14,7500000000
249,"Bán nhà trung tâm thành phố Bảo Lộc, Lộc Tiến","TP. Bảo Lộc, Lâm Đồng",522,4,4,2024-09-11,4999000000
250,Giảm tiếp cần  bán gấp nhà La Sơn Phu Tử Phường 6 ĐÀ LẠT,"TP. Đà Lạt, Lâm Đồng",81,3,2,2024-09-11,6200000000
251,Cần bán nhà góc 2 mặt tiền hẻm oto NGÔ THÌ SỸ giao NGÔ THÌ NHẬM,"TP. Đà Lạt, Lâm Đồng",42,4,3,2024-09-10,2450000000
252,"🎯🎯Bán homestay Hẻm 27 Lê Hồng Phong, Phường 4, Tp Đà Lạt. Homestay 3","TP. Đà Lạt, Lâm Đồng",120,1,1,2024-09-10,6800000000
253,"Bán căn nhà đẹp Phường 9, Đà Lạt","TP. Đà Lạt, Lâm Đồng",78,3,2,2024-09-10,3200000000
254,"Bán Nhà Nam Hồ, P11, Đà Lạt  - giá siêu tốt trong khu vực","TP. Đà Lạt, Lâm Đồng",62,5,6,2024-09-10,4600000000
255,Ngộp ngân hàng - Hạ giá cần bán gấp biệt thự p12,"TP. Đà Lạt, Lâm Đồng",200,6,3,2024-09-10,8100000000
256,Biệt thự Vạn Xuân- Đà Lạt 290m2 full xây dựng sở hữu vĩnh viễn,"Huyện Lạc Dương, Lâm Đồng",290,5,5,2024-10-23,11000000000
257,"| 13,5 TỶ | Bán Villa Yersin - Phường 10 - Đà Lạt - Hỗ trợ vay tới 10ỷ","TP. Đà Lạt, Lâm Đồng",110,4,4,2024-09-23,13500000000
258,Villa Sân Vườn Khu Sang trọng Đường Cô Giang Phường 9 Đà Lạt,"TP. Đà Lạt, Lâm Đồng",200,3,3,2024-09-23,14000000000
259,"Cán bán căn Villa như hình gần khu du lịch Hồ Than Thở, P12, Đà Lạt","TP. Đà Lạt, Lâm Đồng",157,3,3,2024-09-19,8700000000
260,Cần bán khách sạn 2 mặt tiền - Ngay trung tâm - Đà Lạt,"TP. Đà Lạt, Lâm Đồng",127,12,12,2024-09-18,19500000000
261,"Cần bán nhà mới xây, Vạn Thành, Phường 5","TP. Đà Lạt, Lâm Đồng",66,3,3,2024-09-18,4600000000
262,"Bán đất tặng nhà đường Ô tô tới nhà, Phường 3, Đà Lạt","TP. Đà Lạt, Lâm Đồng",100,2,1,2024-09-16,6000000000
263,"🌈🌈Bán nhà đường nhựa 5m nguyễn siêu, 2 mặt tiền 7t5!","TP. Đà Lạt, Lâm Đồng",96,5,6,2024-09-14,7500000000
264,"Bán nhà trung tâm thành phố Bảo Lộc, Lộc Tiến","TP. Bảo Lộc, Lâm Đồng",522,4,4,2024-09-11,4999000000
265,Giảm tiếp cần  bán gấp nhà La Sơn Phu Tử Phường 6 ĐÀ LẠT,"TP. Đà Lạt, Lâm Đồng",81,3,2,2024-09-11,6200000000
266,Cần bán nhà góc 2 mặt tiền hẻm oto NGÔ THÌ SỸ giao NGÔ THÌ NHẬM,"TP. Đà Lạt, Lâm Đồng",42,4,3,2024-09-10,2450000000
267,"🎯🎯Bán homestay Hẻm 27 Lê Hồng Phong, Phường 4, Tp Đà Lạt. Homestay 3","TP. Đà Lạt, Lâm Đồng",120,1,1,2024-09-10,6800000000
268,"Bán căn nhà đẹp Phường 9, Đà Lạt","TP. Đà Lạt, Lâm Đồng",78,3,2,2024-09-10,3200000000
269,"Bán Nhà Nam Hồ, P11, Đà Lạt  - giá siêu tốt trong khu vực","TP. Đà Lạt, Lâm Đồng",62,5,6,2024-09-10,4600000000
270,Ngộp ngân hàng - Hạ giá cần bán gấp biệt thự p12,"TP. Đà Lạt, Lâm Đồng",200,6,3,2024-09-10,8100000000
271,Biệt thự Vạn Xuân- Đà Lạt 290m2 full xây dựng sở hữu vĩnh viễn,"Huyện Lạc Dương, Lâm Đồng",290,5,5,2024-10-23,11000000000
272,"| 13,5 TỶ | Bán Villa Yersin - Phường 10 - Đà Lạt - Hỗ trợ vay tới 10ỷ","TP. Đà Lạt, Lâm Đồng",110,4,4,2024-09-23,13500000000
273,Villa Sân Vườn Khu Sang trọng Đường Cô Giang Phường 9 Đà Lạt,"TP. Đà Lạt, Lâm Đồng",200,3,3,2024-09-23,14000000000
274,"Cán bán căn Villa như hình gần khu du lịch Hồ Than Thở, P12, Đà Lạt","TP. Đà Lạt, Lâm Đồng",157,3,3,2024-09-19,8700000000
275,Cần bán khách sạn 2 mặt tiền - Ngay trung tâm - Đà Lạt,"TP. Đà Lạt, Lâm Đồng",127,12,12,2024-09-18,19500000000
276,"Cần bán nhà mới xây, Vạn Thành, Phường 5","TP. Đà Lạt, Lâm Đồng",66,3,3,2024-09-18,4600000000
277,"Bán đất tặng nhà đường Ô tô tới nhà, Phường 3, Đà Lạt","TP. Đà Lạt, Lâm Đồng",100,2,1,2024-09-16,6000000000
278,"🌈🌈Bán nhà đường nhựa 5m nguyễn siêu, 2 mặt tiền 7t5!","TP. Đà Lạt, Lâm Đồng",96,5,6,2024-09-14,7500000000
279,"Bán nhà trung tâm thành phố Bảo Lộc, Lộc Tiến","TP. Bảo Lộc, Lâm Đồng",522,4,4,2024-09-11,4999000000
280,Giảm tiếp cần  bán gấp nhà La Sơn Phu Tử Phường 6 ĐÀ LẠT,"TP. Đà Lạt, Lâm Đồng",81,3,2,2024-09-11,6200000000
281,Cần bán nhà góc 2 mặt tiền hẻm oto NGÔ THÌ SỸ giao NGÔ THÌ NHẬM,"TP. Đà Lạt, Lâm Đồng",42,4,3,2024-09-10,2450000000
282,"🎯🎯Bán homestay Hẻm 27 Lê Hồng Phong, Phường 4, Tp Đà Lạt. Homestay 3","TP. Đà Lạt, Lâm Đồng",120,1,1,2024-09-10,6800000000
283,"Bán căn nhà đẹp Phường 9, Đà Lạt","TP. Đà Lạt, Lâm Đồng",78,3,2,2024-09-10,3200000000
284,"Bán Nhà Nam Hồ, P11, Đà Lạt  - giá siêu tốt trong khu vực","TP. Đà Lạt, Lâm Đồng",62,5,6,2024-09-10,4600000000
285,Ngộp ngân hàng - Hạ giá cần bán gấp biệt thự p12,"TP. Đà Lạt, Lâm Đồng",200,6,3,2024-09-10,8100000000
286,Biệt thự Vạn Xuân- Đà Lạt 290m2 full xây dựng sở hữu vĩnh viễn,"Huyện Lạc Dương, Lâm Đồng",290,5,5,2024-10-23,11000000000
287,"| 13,5 TỶ | Bán Villa Yersin - Phường 10 - Đà Lạt - Hỗ trợ vay tới 10ỷ","TP. Đà Lạt, Lâm Đồng",110,4,4,2024-09-23,13500000000
288,Villa Sân Vườn Khu Sang trọng Đường Cô Giang Phường 9 Đà Lạt,"TP. Đà Lạt, Lâm Đồng",200,3,3,2024-09-23,14000000000
289,"Cán bán căn Villa như hình gần khu du lịch Hồ Than Thở, P12, Đà Lạt","TP. Đà Lạt, Lâm Đồng",157,3,3,2024-09-19,8700000000
290,Cần bán khách sạn 2 mặt tiền - Ngay trung tâm - Đà Lạt,"TP. Đà Lạt, Lâm Đồng",127,12,12,2024-09-18,19500000000
291,"Cần bán nhà mới xây, Vạn Thành, Phường 5","TP. Đà Lạt, Lâm Đồng",66,3,3,2024-09-18,4600000000
292,"Bán đất tặng nhà đường Ô tô tới nhà, Phường 3, Đà Lạt","TP. Đà Lạt, Lâm Đồng",100,2,1,2024-09-16,6000000000
293,"🌈🌈Bán nhà đường nhựa 5m nguyễn siêu, 2 mặt tiền 7t5!","TP. Đà Lạt, Lâm Đồng",96,5,6,2024-09-14,7500000000
294,"Bán nhà trung tâm thành phố Bảo Lộc, Lộc Tiến","TP. Bảo Lộc, Lâm Đồng",522,4,4,2024-09-11,4999000000
295,Giảm tiếp cần  bán gấp nhà La Sơn Phu Tử Phường 6 ĐÀ LẠT,"TP. Đà Lạt, Lâm Đồng",81,3,2,2024-09-11,6200000000
296,Cần bán nhà góc 2 mặt tiền hẻm oto NGÔ THÌ SỸ giao NGÔ THÌ NHẬM,"TP. Đà Lạt, Lâm Đồng",42,4,3,2024-09-10,2450000000
297,"🎯🎯Bán homestay Hẻm 27 Lê Hồng Phong, Phường 4, Tp Đà Lạt. Homestay 3","TP. Đà Lạt, Lâm Đồng",120,1,1,2024-09-10,6800000000
298,"Bán căn nhà đẹp Phường 9, Đà Lạt","TP. Đà Lạt, Lâm Đồng",78,3,2,2024-09-10,3200000000
299,"Bán Nhà Nam Hồ, P11, Đà Lạt  - giá siêu tốt trong khu vực","TP. Đà Lạt, Lâm Đồng",62,5,6,2024-09-10,4600000000
300,Ngộp ngân hàng - Hạ giá cần bán gấp biệt thự p12,"TP. Đà Lạt, Lâm Đồng",200,6,3,2024-09-10,8100000000
301,Biệt thự Vạn Xuân- Đà Lạt 290m2 full xây dựng sở hữu vĩnh viễn,"Huyện Lạc Dương, Lâm Đồng",290,5,5,2024-10-23,11000000000
302,"| 13,5 TỶ | Bán Villa Yersin - Phường 10 - Đà Lạt - Hỗ trợ vay tới 10ỷ","TP. Đà Lạt, Lâm Đồng",110,4,4,2024-09-23,13500000000
303,Villa Sân Vườn Khu Sang trọng Đường Cô Giang Phường 9 Đà Lạt,"TP. Đà Lạt, Lâm Đồng",200,3,3,2024-09-23,14000000000
304,"Cán bán căn Villa như hình gần khu du lịch Hồ Than Thở, P12, Đà Lạt","TP. Đà Lạt, Lâm Đồng",157,3,3,2024-09-19,8700000000
305,Cần bán khách sạn 2 mặt tiền - Ngay trung tâm - Đà Lạt,"TP. Đà Lạt, Lâm Đồng",127,12,12,2024-09-18,19500000000
306,"Cần bán nhà mới xây, Vạn Thành, Phường 5","TP. Đà Lạt, Lâm Đồng",66,3,3,2024-09-18,4600000000
307,"Bán đất tặng nhà đường Ô tô tới nhà, Phường 3, Đà Lạt","TP. Đà Lạt, Lâm Đồng",100,2,1,2024-09-16,6000000000
308,"🌈🌈Bán nhà đường nhựa 5m nguyễn siêu, 2 mặt tiền 7t5!","TP. Đà Lạt, Lâm Đồng",96,5,6,2024-09-14,7500000000
309,"Bán nhà trung tâm thành phố Bảo Lộc, Lộc Tiến","TP. Bảo Lộc, Lâm Đồng",522,4,4,2024-09-11,4999000000
310,Giảm tiếp cần  bán gấp nhà La Sơn Phu Tử Phường 6 ĐÀ LẠT,"TP. Đà Lạt, Lâm Đồng",81,3,2,2024-09-11,6200000000
311,Cần bán nhà góc 2 mặt tiền hẻm oto NGÔ THÌ SỸ giao NGÔ THÌ NHẬM,"TP. Đà Lạt, Lâm Đồng",42,4,3,2024-09-10,2450000000
312,"🎯🎯Bán homestay Hẻm 27 Lê Hồng Phong, Phường 4, Tp Đà Lạt. Homestay 3","TP. Đà Lạt, Lâm Đồng",120,1,1,2024-09-10,6800000000
313,"Bán căn nhà đẹp Phường 9, Đà Lạt","TP. Đà Lạt, Lâm Đồng",78,3,2,2024-09-10,3200000000
314,"Bán Nhà Nam Hồ, P11, Đà Lạt  - giá siêu tốt trong khu vực","TP. Đà Lạt, Lâm Đồng",62,5,6,2024-09-10,4600000000
315,Ngộp ngân hàng - Hạ giá cần bán gấp biệt thự p12,"TP. Đà Lạt, Lâm Đồng",200,6,3,2024-09-10,8100000000
316,Biệt thự Vạn Xuân- Đà Lạt 290m2 full xây dựng sở hữu vĩnh viễn,"Huyện Lạc Dương, Lâm Đồng",290,5,5,2024-10-23,11000000000
317,"| 13,5 TỶ | Bán Villa Yersin - Phường 10 - Đà Lạt - Hỗ trợ vay tới 10ỷ","TP. Đà Lạt, Lâm Đồng",110,4,4,2024-09-23,13500000000
318,Villa Sân Vườn Khu Sang trọng Đường Cô Giang Phường 9 Đà Lạt,"TP. Đà Lạt, Lâm Đồng",200,3,3,2024-09-23,14000000000
319,"Cán bán căn Villa như hình gần khu du lịch Hồ Than Thở, P12, Đà Lạt","TP. Đà Lạt, Lâm Đồng",157,3,3,2024-09-19,8700000000
320,Cần bán khách sạn 2 mặt tiền - Ngay trung tâm - Đà Lạt,"TP. Đà Lạt, Lâm Đồng",127,12,12,2024-09-18,19500000000
321,"Cần bán nhà mới xây, Vạn Thành, Phường 5","TP. Đà Lạt, Lâm Đồng",66,3,3,2024-09-18,4600000000
322,"Bán đất tặng nhà đường Ô tô tới nhà, Phường 3, Đà Lạt","TP. Đà Lạt, Lâm Đồng",100,2,1,2024-09-16,6000000000
323,"🌈🌈Bán nhà đường nhựa 5m nguyễn siêu, 2 mặt tiền 7t5!","TP. Đà Lạt, Lâm Đồng",96,5,6,2024-09-14,7500000000
324,"Bán nhà trung tâm thành phố Bảo Lộc, Lộc Tiến","TP. Bảo Lộc, Lâm Đồng",522,4,4,2024-09-11,4999000000
325,Giảm tiếp cần  bán gấp nhà La Sơn Phu Tử Phường 6 ĐÀ LẠT,"TP. Đà Lạt, Lâm Đồng",81,3,2,2024-09-11,6200000000
326,Cần bán nhà góc 2 mặt tiền hẻm oto NGÔ THÌ SỸ giao NGÔ THÌ NHẬM,"TP. Đà Lạt, Lâm Đồng",42,4,3,2024-09-10,2450000000
327,"🎯🎯Bán homestay Hẻm 27 Lê Hồng Phong, Phường 4, Tp Đà Lạt. Homestay 3","TP. Đà Lạt, Lâm Đồng",120,1,1,2024-09-10,6800000000
328,"Bán căn nhà đẹp Phường 9, Đà Lạt","TP. Đà Lạt, Lâm Đồng",78,3,2,2024-09-10,3200000000
329,"Bán Nhà Nam Hồ, P11, Đà Lạt  - giá siêu tốt trong khu vực","TP. Đà Lạt, Lâm Đồng",62,5,6,2024-09-10,4600000000
330,Ngộp ngân hàng - Hạ giá cần bán gấp biệt thự p12,"TP. Đà Lạt, Lâm Đồng",200,6,3,2024-09-10,8100000000
331,Biệt thự Vạn Xuân- Đà Lạt 290m2 full xây dựng sở hữu vĩnh viễn,"Huyện Lạc Dương, Lâm Đồng",290,5,5,2024-10-23,11000000000
332,"| 13,5 TỶ | Bán Villa Yersin - Phường 10 - Đà Lạt - Hỗ trợ vay tới 10ỷ","TP. Đà Lạt, Lâm Đồng",110,4,4,2024-09-23,13500000000
333,Villa Sân Vườn Khu Sang trọng Đường Cô Giang Phường 9 Đà Lạt,"TP. Đà Lạt, Lâm Đồng",200,3,3,2024-09-23,14000000000
334,"Cán bán căn Villa như hình gần khu du lịch Hồ Than Thở, P12, Đà Lạt","TP. Đà Lạt, Lâm Đồng",157,3,3,2024-09-19,8700000000
335,Cần bán khách sạn 2 mặt tiền - Ngay trung tâm - Đà Lạt,"TP. Đà Lạt, Lâm Đồng",127,12,12,2024-09-18,19500000000
336,"Cần bán nhà mới xây, Vạn Thành, Phường 5","TP. Đà Lạt, Lâm Đồng",66,3,3,2024-09-18,4600000000
337,"Bán đất tặng nhà đường Ô tô tới nhà, Phường 3, Đà Lạt","TP. Đà Lạt, Lâm Đồng",100,2,1,2024-09-16,6000000000
338,"🌈🌈Bán nhà đường nhựa 5m nguyễn siêu, 2 mặt tiền 7t5!","TP. Đà Lạt, Lâm Đồng",96,5,6,2024-09-14,7500000000
339,"Bán nhà trung tâm thành phố Bảo Lộc, Lộc Tiến","TP. Bảo Lộc, Lâm Đồng",522,4,4,2024-09-11,4999000000
340,Giảm tiếp cần  bán gấp nhà La Sơn Phu Tử Phường 6 ĐÀ LẠT,"TP. Đà Lạt, Lâm Đồng",81,3,2,2024-09-11,6200000000
341,Cần bán nhà góc 2 mặt tiền hẻm oto NGÔ THÌ SỸ giao NGÔ THÌ NHẬM,"TP. Đà Lạt, Lâm Đồng",42,4,3,2024-09-10,2450000000
342,"🎯🎯Bán homestay Hẻm 27 Lê Hồng Phong, Phường 4, Tp Đà Lạt. Homestay 3","TP. Đà Lạt, Lâm Đồng",120,1,1,2024-09-10,6800000000
343,"Bán căn nhà đẹp Phường 9, Đà Lạt","TP. Đà Lạt, Lâm Đồng",78,3,2,2024-09-10,3200000000
344,"Bán Nhà Nam Hồ, P11, Đà Lạt  - giá siêu tốt trong khu vực","TP. Đà Lạt, Lâm Đồng",62,5,6,2024-09-10,4600000000
345,Ngộp ngân hàng - Hạ giá cần bán gấp biệt thự p12,"TP. Đà Lạt, Lâm Đồng",200,6,3,2024-09-10,8100000000
346,Biệt thự Vạn Xuân- Đà Lạt 290m2 full xây dựng sở hữu vĩnh viễn,"Huyện Lạc Dương, Lâm Đồng",290,5,5,2024-10-23,11000000000
347,"| 13,5 TỶ | Bán Villa Yersin - Phường 10 - Đà Lạt - Hỗ trợ vay tới 10ỷ","TP. Đà Lạt, Lâm Đồng",110,4,4,2024-09-23,13500000000
348,Villa Sân Vườn Khu Sang trọng Đường Cô Giang Phường 9 Đà Lạt,"TP. Đà Lạt, Lâm Đồng",200,3,3,2024-09-23,14000000000
349,"Cán bán căn Villa như hình gần khu du lịch Hồ Than Thở, P12, Đà Lạt","TP. Đà Lạt, Lâm Đồng",157,3,3,2024-09-19,8700000000
350,Cần bán khách sạn 2 mặt tiền - Ngay trung tâm - Đà Lạt,"TP. Đà Lạt, Lâm Đồng",127,12,12,2024-09-18,19500000000
351,"Cần bán nhà mới xây, Vạn Thành, Phường 5","TP. Đà Lạt, Lâm Đồng",66,3,3,2024-09-18,4600000000
352,"Bán đất tặng nhà đường Ô tô tới nhà, Phường 3, Đà Lạt","TP. Đà Lạt, Lâm Đồng",100,2,1,2024-09-16,6000000000
353,"🌈🌈Bán nhà đường nhựa 5m nguyễn siêu, 2 mặt tiền 7t5!","TP. Đà Lạt, Lâm Đồng",96,5,6,2024-09-14,7500000000
354,"Bán nhà trung tâm thành phố Bảo Lộc, Lộc Tiến","TP. Bảo Lộc, Lâm Đồng",522,4,4,2024-09-11,4999000000
355,Giảm tiếp cần  bán gấp nhà La Sơn Phu Tử Phường 6 ĐÀ LẠT,"TP. Đà Lạt, Lâm Đồng",81,3,2,2024-09-11,6200000000
356,Cần bán nhà góc 2 mặt tiền hẻm oto NGÔ THÌ SỸ giao NGÔ THÌ NHẬM,"TP. Đà Lạt, Lâm Đồng",42,4,3,2024-09-10,2450000000
357,"🎯🎯Bán homestay Hẻm 27 Lê Hồng Phong, Phường 4, Tp Đà Lạt. Homestay 3","TP. Đà Lạt, Lâm Đồng",120,1,1,2024-09-10,6800000000
358,"Bán căn nhà đẹp Phường 9, Đà Lạt","TP. Đà Lạt, Lâm Đồng",78,3,2,2024-09-10,3200000000
359,"Bán Nhà Nam Hồ, P11, Đà Lạt  - giá siêu tốt trong khu vực","TP. Đà Lạt, Lâm Đồng",62,5,6,2024-09-10,4600000000
360,Ngộp ngân hàng - Hạ giá cần bán gấp biệt thự p12,"TP. Đà Lạt, Lâm Đồng",200,6,3,2024-09-10,8100000000
361,Biệt thự Vạn Xuân- Đà Lạt 290m2 full xây dựng sở hữu vĩnh viễn,"Huyện Lạc Dương, Lâm Đồng",290,5,5,2024-10-23,11000000000
362,"| 13,5 TỶ | Bán Villa Yersin - Phường 10 - Đà Lạt - Hỗ trợ vay tới 10ỷ","TP. Đà Lạt, Lâm Đồng",110,4,4,2024-09-23,13500000000
363,Villa Sân Vườn Khu Sang trọng Đường Cô Giang Phường 9 Đà Lạt,"TP. Đà Lạt, Lâm Đồng",200,3,3,2024-09-23,14000000000
364,"Cán bán căn Villa như hình gần khu du lịch Hồ Than Thở, P12, Đà Lạt","TP. Đà Lạt, Lâm Đồng",157,3,3,2024-09-19,8700000000
365,Cần bán khách sạn 2 mặt tiền - Ngay trung tâm - Đà Lạt,"TP. Đà Lạt, Lâm Đồng",127,12,12,2024-09-18,19500000000
366,"Cần bán nhà mới xây, Vạn Thành, Phường 5","TP. Đà Lạt, Lâm Đồng",66,3,3,2024-09-18,4600000000
367,"Bán đất tặng nhà đường Ô tô tới nhà, Phường 3, Đà Lạt","TP. Đà Lạt, Lâm Đồng",100,2,1,2024-09-16,6000000000
368,"🌈🌈Bán nhà đường nhựa 5m nguyễn siêu, 2 mặt tiền 7t5!","TP. Đà Lạt, Lâm Đồng",96,5,6,2024-09-14,7500000000
369,"Bán nhà trung tâm thành phố Bảo Lộc, Lộc Tiến","TP. Bảo Lộc, Lâm Đồng",522,4,4,2024-09-11,4999000000
370,Giảm tiếp cần  bán gấp nhà La Sơn Phu Tử Phường 6 ĐÀ LẠT,"TP. Đà Lạt, Lâm Đồng",81,3,2,2024-09-11,6200000000
371,Cần bán nhà góc 2 mặt tiền hẻm oto NGÔ THÌ SỸ giao NGÔ THÌ NHẬM,"TP. Đà Lạt, Lâm Đồng",42,4,3,2024-09-10,2450000000
372,"🎯🎯Bán homestay Hẻm 27 Lê Hồng Phong, Phường 4, Tp Đà Lạt. Homestay 3","TP. Đà Lạt, Lâm Đồng",120,1,1,2024-09-10,6800000000
373,"Bán căn nhà đẹp Phường 9, Đà Lạt","TP. Đà Lạt, Lâm Đồng",78,3,2,2024-09-10,3200000000
374,"Bán Nhà Nam Hồ, P11, Đà Lạt  - giá siêu tốt trong khu vực","TP. Đà Lạt, Lâm Đồng",62,5,6,2024-09-10,4600000000
375,Ngộp ngân hàng - Hạ giá cần bán gấp biệt thự p12,"TP. Đà Lạt, Lâm Đồng",200,6,3,2024-09-10,8100000000
376,Biệt thự Vạn Xuân- Đà Lạt 290m2 full xây dựng sở hữu vĩnh viễn,"Huyện Lạc Dương, Lâm Đồng",290,5,5,2024-10-23,11000000000
377,"| 13,5 TỶ | Bán Villa Yersin - Phường 10 - Đà Lạt - Hỗ trợ vay tới 10ỷ","TP. Đà Lạt, Lâm Đồng",110,4,4,2024-09-23,13500000000
378,Villa Sân Vườn Khu Sang trọng Đường Cô Giang Phường 9 Đà Lạt,"TP. Đà Lạt, Lâm Đồng",200,3,3,2024-09-23,14000000000
379,"Cán bán căn Villa như hình gần khu du lịch Hồ Than Thở, P12, Đà Lạt","TP. Đà Lạt, Lâm Đồng",157,3,3,2024-09-19,8700000000
380,Cần bán khách sạn 2 mặt tiền - Ngay trung tâm - Đà Lạt,"TP. Đà Lạt, Lâm Đồng",127,12,12,2024-09-18,19500000000
381,"Cần bán nhà mới xây, Vạn Thành, Phường 5","TP. Đà Lạt, Lâm Đồng",66,3,3,2024-09-18,4600000000
382,"Bán đất tặng nhà đường Ô tô tới nhà, Phường 3, Đà Lạt","TP. Đà Lạt, Lâm Đồng",100,2,1,2024-09-16,6000000000
383,"🌈🌈Bán nhà đường nhựa 5m nguyễn siêu, 2 mặt tiền 7t5!","TP. Đà Lạt, Lâm Đồng",96,5,6,2024-09-14,7500000000
384,"Bán nhà trung tâm thành phố Bảo Lộc, Lộc Tiến","TP. Bảo Lộc, Lâm Đồng",522,4,4,2024-09-11,4999000000
385,Giảm tiếp cần  bán gấp nhà La Sơn Phu Tử Phường 6 ĐÀ LẠT,"TP. Đà Lạt, Lâm Đồng",81,3,2,2024-09-11,6200000000
386,Cần bán nhà góc 2 mặt tiền hẻm oto NGÔ THÌ SỸ giao NGÔ THÌ NHẬM,"TP. Đà Lạt, Lâm Đồng",42,4,3,2024-09-10,2450000000
387,"🎯🎯Bán homestay Hẻm 27 Lê Hồng Phong, Phường 4, Tp Đà Lạt. Homestay 3","TP. Đà Lạt, Lâm Đồng",120,1,1,2024-09-10,6800000000
388,"Bán căn nhà đẹp Phường 9, Đà Lạt","TP. Đà Lạt, Lâm Đồng",78,3,2,2024-09-10,3200000000
389,"Bán Nhà Nam Hồ, P11, Đà Lạt  - giá siêu tốt trong khu vực","TP. Đà Lạt, Lâm Đồng",62,5,6,2024-09-10,4600000000
390,Ngộp ngân hàng - Hạ giá cần bán gấp biệt thự p12,"TP. Đà Lạt, Lâm Đồng",200,6,3,2024-09-10,8100000000
391,Biệt thự Vạn Xuân- Đà Lạt 290m2 full xây dựng sở hữu vĩnh viễn,"Huyện Lạc Dương, Lâm Đồng",290,5,5,2024-10-23,11000000000
392,"| 13,5 TỶ | Bán Villa Yersin - Phường 10 - Đà Lạt - Hỗ trợ vay tới 10ỷ","TP. Đà Lạt, Lâm Đồng",110,4,4,2024-09-23,13500000000
393,Villa Sân Vườn Khu Sang trọng Đường Cô Giang Phường 9 Đà Lạt,"TP. Đà Lạt, Lâm Đồng",200,3,3,2024-09-23,14000000000
394,"Cán bán căn Villa như hình gần khu du lịch Hồ Than Thở, P12, Đà Lạt","TP. Đà Lạt, Lâm Đồng",157,3,3,2024-09-19,8700000000
395,Cần bán khách sạn 2 mặt tiền - Ngay trung tâm - Đà Lạt,"TP. Đà Lạt, Lâm Đồng",127,12,12,2024-09-18,19500000000
396,"Cần bán nhà mới xây, Vạn Thành, Phường 5","TP. Đà Lạt, Lâm Đồng",66,3,3,2024-09-18,4600000000
397,"Bán đất tặng nhà đường Ô tô tới nhà, Phường 3, Đà Lạt","TP. Đà Lạt, Lâm Đồng",100,2,1,2024-09-16,6000000000
398,"🌈🌈Bán nhà đường nhựa 5m nguyễn siêu, 2 mặt tiền 7t5!","TP. Đà Lạt, Lâm Đồng",96,5,6,2024-09-14,7500000000
399,"Bán nhà trung tâm thành phố Bảo Lộc, Lộc Tiến","TP. Bảo Lộc, Lâm Đồng",522,4,4,2024-09-11,4999000000
400,Giảm tiếp cần  bán gấp nhà La Sơn Phu Tử Phường 6 ĐÀ LẠT,"TP. Đà Lạt, Lâm Đồng",81,3,2,2024-09-11,6200000000
401,Cần bán nhà góc 2 mặt tiền hẻm oto NGÔ THÌ SỸ giao NGÔ THÌ NHẬM,"TP. Đà Lạt, Lâm Đồng",42,4,3,2024-09-10,2450000000
402,"🎯🎯Bán homestay Hẻm 27 Lê Hồng Phong, Phường 4, Tp Đà Lạt. Homestay 3","TP. Đà Lạt, Lâm Đồng",120,1,1,2024-09-10,6800000000
403,"Bán căn nhà đẹp Phường 9, Đà Lạt","TP. Đà Lạt, Lâm Đồng",78,3,2,2024-09-10,3200000000
404,"Bán Nhà Nam Hồ, P11, Đà Lạt  - giá siêu tốt trong khu vực","TP. Đà Lạt, Lâm Đồng",62,5,6,2024-09-10,4600000000
405,Ngộp ngân hàng - Hạ giá cần bán gấp biệt thự p12,"TP. Đà Lạt, Lâm Đồng",200,6,3,2024-09-10,8100000000
406,Biệt thự Vạn Xuân- Đà Lạt 290m2 full xây dựng sở hữu vĩnh viễn,"Huyện Lạc Dương, Lâm Đồng",290,5,5,2024-10-23,11000000000
407,"| 13,5 TỶ | Bán Villa Yersin - Phường 10 - Đà Lạt - Hỗ trợ vay tới 10ỷ","TP. Đà Lạt, Lâm Đồng",110,4,4,2024-09-23,13500000000
408,Villa Sân Vườn Khu Sang trọng Đường Cô Giang Phường 9 Đà Lạt,"TP. Đà Lạt, Lâm Đồng",200,3,3,2024-09-23,14000000000
409,"Cán bán căn Villa như hình gần khu du lịch Hồ Than Thở, P12, Đà Lạt","TP. Đà Lạt, Lâm Đồng",157,3,3,2024-09-19,8700000000
410,Cần bán khách sạn 2 mặt tiền - Ngay trung tâm - Đà Lạt,"TP. Đà Lạt, Lâm Đồng",127,12,12,2024-09-18,19500000000
411,"Cần bán nhà mới xây, Vạn Thành, Phường 5","TP. Đà Lạt, Lâm Đồng",66,3,3,2024-09-18,4600000000
412,"Bán đất tặng nhà đường Ô tô tới nhà, Phường 3, Đà Lạt","TP. Đà Lạt, Lâm Đồng",100,2,1,2024-09-16,6000000000
413,"🌈🌈Bán nhà đường nhựa 5m nguyễn siêu, 2 mặt tiền 7t5!","TP. Đà Lạt, Lâm Đồng",96,5,6,2024-09-14,7500000000
414,"Bán nhà trung tâm thành phố Bảo Lộc, Lộc Tiến","TP. Bảo Lộc, Lâm Đồng",522,4,4,2024-09-11,4999000000
415,Giảm tiếp cần  bán gấp nhà La Sơn Phu Tử Phường 6 ĐÀ LẠT,"TP. Đà Lạt, Lâm Đồng",81,3,2,2024-09-11,6200000000
416,Cần bán nhà góc 2 mặt tiền hẻm oto NGÔ THÌ SỸ giao NGÔ THÌ NHẬM,"TP. Đà Lạt, Lâm Đồng",42,4,3,2024-09-10,2450000000
417,"🎯🎯Bán homestay Hẻm 27 Lê Hồng Phong, Phường 4, Tp Đà Lạt. Homestay 3","TP. Đà Lạt, Lâm Đồng",120,1,1,2024-09-10,6800000000
418,"Bán căn nhà đẹp Phường 9, Đà Lạt","TP. Đà Lạt, Lâm Đồng",78,3,2,2024-09-10,3200000000
419,"Bán Nhà Nam Hồ, P11, Đà Lạt  - giá siêu tốt trong khu vực","TP. Đà Lạt, Lâm Đồng",62,5,6,2024-09-10,4600000000
420,Ngộp ngân hàng - Hạ giá cần bán gấp biệt thự p12,"TP. Đà Lạt, Lâm Đồng",200,6,3,2024-09-10,8100000000
421,Biệt thự Vạn Xuân- Đà Lạt 290m2 full xây dựng sở hữu vĩnh viễn,"Huyện Lạc Dương, Lâm Đồng",290,5,5,2024-10-23,11000000000
422,"| 13,5 TỶ | Bán Villa Yersin - Phường 10 - Đà Lạt - Hỗ trợ vay tới 10ỷ","TP. Đà Lạt, Lâm Đồng",110,4,4,2024-09-23,13500000000
423,Villa Sân Vườn Khu Sang trọng Đường Cô Giang Phường 9 Đà Lạt,"TP. Đà Lạt, Lâm Đồng",200,3,3,2024-09-23,14000000000
424,"Cán bán căn Villa như hình gần khu du lịch Hồ Than Thở, P12, Đà Lạt","TP. Đà Lạt, Lâm Đồng",157,3,3,2024-09-19,8700000000
425,Cần bán khách sạn 2 mặt tiền - Ngay trung tâm - Đà Lạt,"TP. Đà Lạt, Lâm Đồng",127,12,12,2024-09-18,19500000000
426,"Cần bán nhà mới xây, Vạn Thành, Phường 5","TP. Đà Lạt, Lâm Đồng",66,3,3,2024-09-18,4600000000
427,"Bán đất tặng nhà đường Ô tô tới nhà, Phường 3, Đà Lạt","TP. Đà Lạt, Lâm Đồng",100,2,1,2024-09-16,6000000000
428,"🌈🌈Bán nhà đường nhựa 5m nguyễn siêu, 2 mặt tiền 7t5!","TP. Đà Lạt, Lâm Đồng",96,5,6,2024-09-14,7500000000
429,"Bán nhà trung tâm thành phố Bảo Lộc, Lộc Tiến","TP. Bảo Lộc, Lâm Đồng",522,4,4,2024-09-11,4999000000
430,Giảm tiếp cần  bán gấp nhà La Sơn Phu Tử Phường 6 ĐÀ LẠT,"TP. Đà Lạt, Lâm Đồng",81,3,2,2024-09-11,6200000000
431,Cần bán nhà góc 2 mặt tiền hẻm oto NGÔ THÌ SỸ giao NGÔ THÌ NHẬM,"TP. Đà Lạt, Lâm Đồng",42,4,3,2024-09-10,2450000000
432,"🎯🎯Bán homestay Hẻm 27 Lê Hồng Phong, Phường 4, Tp Đà Lạt. Homestay 3","TP. Đà Lạt, Lâm Đồng",120,1,1,2024-09-10,6800000000
433,"Bán căn nhà đẹp Phường 9, Đà Lạt","TP. Đà Lạt, Lâm Đồng",78,3,2,2024-09-10,3200000000
434,"Bán Nhà Nam Hồ, P11, Đà Lạt  - giá siêu tốt trong khu vực","TP. Đà Lạt, Lâm Đồng",62,5,6,2024-09-10,4600000000
435,Ngộp ngân hàng - Hạ giá cần bán gấp biệt thự p12,"TP. Đà Lạt, Lâm Đồng",200,6,3,2024-09-10,8100000000
436,Biệt thự Vạn Xuân- Đà Lạt 290m2 full xây dựng sở hữu vĩnh viễn,"Huyện Lạc Dương, Lâm Đồng",290,5,5,2024-10-23,11000000000
437,"| 13,5 TỶ | Bán Villa Yersin - Phường 10 - Đà Lạt - Hỗ trợ vay tới 10ỷ","TP. Đà Lạt, Lâm Đồng",110,4,4,2024-09-23,13500000000
438,Villa Sân Vườn Khu Sang trọng Đường Cô Giang Phường 9 Đà Lạt,"TP. Đà Lạt, Lâm Đồng",200,3,3,2024-09-23,14000000000
439,"Cán bán căn Villa như hình gần khu du lịch Hồ Than Thở, P12, Đà Lạt","TP. Đà Lạt, Lâm Đồng",157,3,3,2024-09-19,8700000000
440,Cần bán khách sạn 2 mặt tiền - Ngay trung tâm - Đà Lạt,"TP. Đà Lạt, Lâm Đồng",127,12,12,2024-09-18,19500000000
441,"Cần bán nhà mới xây, Vạn Thành, Phường 5","TP. Đà Lạt, Lâm Đồng",66,3,3,2024-09-18,4600000000
442,"Bán đất tặng nhà đường Ô tô tới nhà, Phường 3, Đà Lạt","TP. Đà Lạt, Lâm Đồng",100,2,1,2024-09-16,6000000000
443,"🌈🌈Bán nhà đường nhựa 5m nguyễn siêu, 2 mặt tiền 7t5!","TP. Đà Lạt, Lâm Đồng",96,5,6,2024-09-14,7500000000
444,"Bán nhà trung tâm thành phố Bảo Lộc, Lộc Tiến","TP. Bảo Lộc, Lâm Đồng",522,4,4,2024-09-11,4999000000
445,Giảm tiếp cần  bán gấp nhà La Sơn Phu Tử Phường 6 ĐÀ LẠT,"TP. Đà Lạt, Lâm Đồng",81,3,2,2024-09-11,6200000000
446,Cần bán nhà góc 2 mặt tiền hẻm oto NGÔ THÌ SỸ giao NGÔ THÌ NHẬM,"TP. Đà Lạt, Lâm Đồng",42,4,3,2024-09-10,2450000000
447,"🎯🎯Bán homestay Hẻm 27 Lê Hồng Phong, Phường 4, Tp Đà Lạt. Homestay 3","TP. Đà Lạt, Lâm Đồng",120,1,1,2024-09-10,6800000000
448,"Bán căn nhà đẹp Phường 9, Đà Lạt","TP. Đà Lạt, Lâm Đồng",78,3,2,2024-09-10,3200000000
449,"Bán Nhà Nam Hồ, P11, Đà Lạt  - giá siêu tốt trong khu vực","TP. Đà Lạt, Lâm Đồng",62,5,6,2024-09-10,4600000000
450,Ngộp ngân hàng - Hạ giá cần bán gấp biệt thự p12,"TP. Đà Lạt, Lâm Đồng",200,6,3,2024-09-10,8100000000
451,Biệt thự Vạn Xuân- Đà Lạt 290m2 full xây dựng sở hữu vĩnh viễn,"Huyện Lạc Dương, Lâm Đồng",290,5,5,2024-10-23,11000000000
452,"| 13,5 TỶ | Bán Villa Yersin - Phường 10 - Đà Lạt - Hỗ trợ vay tới 10ỷ","TP. Đà Lạt, Lâm Đồng",110,4,4,2024-09-23,13500000000
453,Villa Sân Vườn Khu Sang trọng Đường Cô Giang Phường 9 Đà Lạt,"TP. Đà Lạt, Lâm Đồng",200,3,3,2024-09-23,14000000000
454,"Cán bán căn Villa như hình gần khu du lịch Hồ Than Thở, P12, Đà Lạt","TP. Đà Lạt, Lâm Đồng",157,3,3,2024-09-19,8700000000
455,Cần bán khách sạn 2 mặt tiền - Ngay trung tâm - Đà Lạt,"TP. Đà Lạt, Lâm Đồng",127,12,12,2024-09-18,19500000000
456,"Cần bán nhà mới xây, Vạn Thành, Phường 5","TP. Đà Lạt, Lâm Đồng",66,3,3,2024-09-18,4600000000
457,"Bán đất tặng nhà đường Ô tô tới nhà, Phường 3, Đà Lạt","TP. Đà Lạt, Lâm Đồng",100,2,1,2024-09-16,6000000000
458,"🌈🌈Bán nhà đường nhựa 5m nguyễn siêu, 2 mặt tiền 7t5!","TP. Đà Lạt, Lâm Đồng",96,5,6,2024-09-14,7500000000
459,"Bán nhà trung tâm thành phố Bảo Lộc, Lộc Tiến","TP. Bảo Lộc, Lâm Đồng",522,4,4,2024-09-11,4999000000
460,Giảm tiếp cần  bán gấp nhà La Sơn Phu Tử Phường 6 ĐÀ LẠT,"TP. Đà Lạt, Lâm Đồng",81,3,2,2024-09-11,6200000000
461,Cần bán nhà góc 2 mặt tiền hẻm oto NGÔ THÌ SỸ giao NGÔ THÌ NHẬM,"TP. Đà Lạt, Lâm Đồng",42,4,3,2024-09-10,2450000000
462,"🎯🎯Bán homestay Hẻm 27 Lê Hồng Phong, Phường 4, Tp Đà Lạt. Homestay 3","TP. Đà Lạt, Lâm Đồng",120,1,1,2024-09-10,6800000000
463,"Bán căn nhà đẹp Phường 9, Đà Lạt","TP. Đà Lạt, Lâm Đồng",78,3,2,2024-09-10,3200000000
464,"Bán Nhà Nam Hồ, P11, Đà Lạt  - giá siêu tốt trong khu vực","TP. Đà Lạt, Lâm Đồng",62,5,6,2024-09-10,4600000000
465,Ngộp ngân hàng - Hạ giá cần bán gấp biệt thự p12,"TP. Đà Lạt, Lâm Đồng",200,6,3,2024-09-10,8100000000
466,Biệt thự Vạn Xuân- Đà Lạt 290m2 full xây dựng sở hữu vĩnh viễn,"Huyện Lạc Dương, Lâm Đồng",290,5,5,2024-10-23,11000000000
467,"| 13,5 TỶ | Bán Villa Yersin - Phường 10 - Đà Lạt - Hỗ trợ vay tới 10ỷ","TP. Đà Lạt, Lâm Đồng",110,4,4,2024-09-23,13500000000
468,Villa Sân Vườn Khu Sang trọng Đường Cô Giang Phường 9 Đà Lạt,"TP. Đà Lạt, Lâm Đồng",200,3,3,2024-09-23,14000000000
469,"Cán bán căn Villa như hình gần khu du lịch Hồ Than Thở, P12, Đà Lạt","TP. Đà Lạt, Lâm Đồng",157,3,3,2024-09-19,8700000000
470,Cần bán khách sạn 2 mặt tiền - Ngay trung tâm - Đà Lạt,"TP. Đà Lạt, Lâm Đồng",127,12,12,2024-09-18,19500000000
471,"Cần bán nhà mới xây, Vạn Thành, Phường 5","TP. Đà Lạt, Lâm Đồng",66,3,3,2024-09-18,4600000000
472,"Bán đất tặng nhà đường Ô tô tới nhà, Phường 3, Đà Lạt","TP. Đà Lạt, Lâm Đồng",100,2,1,2024-09-16,6000000000
473,"🌈🌈Bán nhà đường nhựa 5m nguyễn siêu, 2 mặt tiền 7t5!","TP. Đà Lạt, Lâm Đồng",96,5,6,2024-09-14,7500000000
474,"Bán nhà trung tâm thành phố Bảo Lộc, Lộc Tiến","TP. Bảo Lộc, Lâm Đồng",522,4,4,2024-09-11,4999000000
475,Giảm tiếp cần  bán gấp nhà La Sơn Phu Tử Phường 6 ĐÀ LẠT,"TP. Đà Lạt, Lâm Đồng",81,3,2,2024-09-11,6200000000
476,Cần bán nhà góc 2 mặt tiền hẻm oto NGÔ THÌ SỸ giao NGÔ THÌ NHẬM,"TP. Đà Lạt, Lâm Đồng",42,4,3,2024-09-10,2450000000
477,"🎯🎯Bán homestay Hẻm 27 Lê Hồng Phong, Phường 4, Tp Đà Lạt. Homestay 3","TP. Đà Lạt, Lâm Đồng",120,1,1,2024-09-10,6800000000
478,"Bán căn nhà đẹp Phường 9, Đà Lạt","TP. Đà Lạt, Lâm Đồng",78,3,2,2024-09-10,3200000000
479,"Bán Nhà Nam Hồ, P11, Đà Lạt  - giá siêu tốt trong khu vực","TP. Đà Lạt, Lâm Đồng",62,5,6,2024-09-10,4600000000
480,Ngộp ngân hàng - Hạ giá cần bán gấp biệt thự p12,"TP. Đà Lạt, Lâm Đồng",200,6,3,2024-09-10,8100000000
481,Biệt thự Vạn Xuân- Đà Lạt 290m2 full xây dựng sở hữu vĩnh viễn,"Huyện Lạc Dương, Lâm Đồng",290,5,5,2024-10-23,11000000000
482,"| 13,5 TỶ | Bán Villa Yersin - Phường 10 - Đà Lạt - Hỗ trợ vay tới 10ỷ","TP. Đà Lạt, Lâm Đồng",110,4,4,2024-09-23,13500000000
483,Villa Sân Vườn Khu Sang trọng Đường Cô Giang Phường 9 Đà Lạt,"TP. Đà Lạt, Lâm Đồng",200,3,3,2024-09-23,14000000000
484,"Cán bán căn Villa như hình gần khu du lịch Hồ Than Thở, P12, Đà Lạt","TP. Đà Lạt, Lâm Đồng",157,3,3,2024-09-19,8700000000
485,Cần bán khách sạn 2 mặt tiền - Ngay trung tâm - Đà Lạt,"TP. Đà Lạt, Lâm Đồng",127,12,12,2024-09-18,19500000000
486,"Cần bán nhà mới xây, Vạn Thành, Phường 5","TP. Đà Lạt, Lâm Đồng",66,3,3,2024-09-18,4600000000
487,"Bán đất tặng nhà đường Ô tô tới nhà, Phường 3, Đà Lạt","TP. Đà Lạt, Lâm Đồng",100,2,1,2024-09-16,6000000000
488,"🌈🌈Bán nhà đường nhựa 5m nguyễn siêu, 2 mặt tiền 7t5!","TP. Đà Lạt, Lâm Đồng",96,5,6,2024-09-14,7500000000
489,"Bán nhà trung tâm thành phố Bảo Lộc, Lộc Tiến","TP. Bảo Lộc, Lâm Đồng",522,4,4,2024-09-11,4999000000
490,Giảm tiếp cần  bán gấp nhà La Sơn Phu Tử Phường 6 ĐÀ LẠT,"TP. Đà Lạt, Lâm Đồng",81,3,2,2024-09-11,6200000000
491,Cần bán nhà góc 2 mặt tiền hẻm oto NGÔ THÌ SỸ giao NGÔ THÌ NHẬM,"TP. Đà Lạt, Lâm Đồng",42,4,3,2024-09-10,2450000000
492,"🎯🎯Bán homestay Hẻm 27 Lê Hồng Phong, Phường 4, Tp Đà Lạt. Homestay 3","TP. Đà Lạt, Lâm Đồng",120,1,1,2024-09-10,6800000000
493,"Bán căn nhà đẹp Phường 9, Đà Lạt","TP. Đà Lạt, Lâm Đồng",78,3,2,2024-09-10,3200000000
494,"Bán Nhà Nam Hồ, P11, Đà Lạt  - giá siêu tốt trong khu vực","TP. Đà Lạt, Lâm Đồng",62,5,6,2024-09-10,4600000000
495,Ngộp ngân hàng - Hạ giá cần bán gấp biệt thự p12,"TP. Đà Lạt, Lâm Đồng",200,6,3,2024-09-10,8100000000
496,Biệt thự Vạn Xuân- Đà Lạt 290m2 full xây dựng sở hữu vĩnh viễn,"Huyện Lạc Dương, Lâm Đồng",290,5,5,2024-10-23,11000000000
497,"| 13,5 TỶ | Bán Villa Yersin - Phường 10 - Đà Lạt - Hỗ trợ vay tới 10ỷ","TP. Đà Lạt, Lâm Đồng",110,4,4,2024-09-23,13500000000
498,Villa Sân Vườn Khu Sang trọng Đường Cô Giang Phường 9 Đà Lạt,"TP. Đà Lạt, Lâm Đồng",200,3,3,2024-09-23,14000000000
499,"Cán bán căn Villa như hình gần khu du lịch Hồ Than Thở, P12, Đà Lạt","TP. Đà Lạt, Lâm Đồng",157,3,3,2024-09-19,8700000000
500,Cần bán khách sạn 2 mặt tiền - Ngay trung tâm - Đà Lạt,"TP. Đà Lạt, Lâm Đồng",127,12,12,2024-09-18,19500000000
501,"Cần bán nhà mới xây, Vạn Thành, Phường 5","TP. Đà Lạt, Lâm Đồng",66,3,3,2024-09-18,4600000000
502,"Bán đất tặng nhà đường Ô tô tới nhà, Phường 3, Đà Lạt","TP. Đà Lạt, Lâm Đồng",100,2,1,2024-09-16,6000000000
503,"🌈🌈Bán nhà đường nhựa 5m nguyễn siêu, 2 mặt tiền 7t5!","TP. Đà Lạt, Lâm Đồng",96,5,6,2024-09-14,7500000000
504,"Bán nhà trung tâm thành phố Bảo Lộc, Lộc Tiến","TP. Bảo Lộc, Lâm Đồng",522,4,4,2024-09-11,4999000000
505,Giảm tiếp cần  bán gấp nhà La Sơn Phu Tử Phường 6 ĐÀ LẠT,"TP. Đà Lạt, Lâm Đồng",81,3,2,2024-09-11,6200000000
506,Cần bán nhà góc 2 mặt tiền hẻm oto NGÔ THÌ SỸ giao NGÔ THÌ NHẬM,"TP. Đà Lạt, Lâm Đồng",42,4,3,2024-09-10,2450000000
507,"🎯🎯Bán homestay Hẻm 27 Lê Hồng Phong, Phường 4, Tp Đà Lạt. Homestay 3","TP. Đà Lạt, Lâm Đồng",120,1,1,2024-09-10,6800000000
508,"Bán căn nhà đẹp Phường 9, Đà Lạt","TP. Đà Lạt, Lâm Đồng",78,3,2,2024-09-10,3200000000
509,"Bán Nhà Nam Hồ, P11, Đà Lạt  - giá siêu tốt trong khu vực","TP. Đà Lạt, Lâm Đồng",62,5,6,2024-09-10,4600000000
510,Ngộp ngân hàng - Hạ giá cần bán gấp biệt thự p12,"TP. Đà Lạt, Lâm Đồng",200,6,3,2024-09-10,8100000000
511,Biệt thự Vạn Xuân- Đà Lạt 290m2 full xây dựng sở hữu vĩnh viễn,"Huyện Lạc Dương, Lâm Đồng",290,5,5,2024-10-23,11000000000
512,"| 13,5 TỶ | Bán Villa Yersin - Phường 10 - Đà Lạt - Hỗ trợ vay tới 10ỷ","TP. Đà Lạt, Lâm Đồng",110,4,4,2024-09-23,13500000000
513,Villa Sân Vườn Khu Sang trọng Đường Cô Giang Phường 9 Đà Lạt,"TP. Đà Lạt, Lâm Đồng",200,3,3,2024-09-23,14000000000
514,"Cán bán căn Villa như hình gần khu du lịch Hồ Than Thở, P12, Đà Lạt","TP. Đà Lạt, Lâm Đồng",157,3,3,2024-09-19,8700000000
515,Cần bán khách sạn 2 mặt tiền - Ngay trung tâm - Đà Lạt,"TP. Đà Lạt, Lâm Đồng",127,12,12,2024-09-18,19500000000
516,"Cần bán nhà mới xây, Vạn Thành, Phường 5","TP. Đà Lạt, Lâm Đồng",66,3,3,2024-09-18,4600000000
517,"Bán đất tặng nhà đường Ô tô tới nhà, Phường 3, Đà Lạt","TP. Đà Lạt, Lâm Đồng",100,2,1,2024-09-16,6000000000
518,"🌈🌈Bán nhà đường nhựa 5m nguyễn siêu, 2 mặt tiền 7t5!","TP. Đà Lạt, Lâm Đồng",96,5,6,2024-09-14,7500000000
519,"Bán nhà trung tâm thành phố Bảo Lộc, Lộc Tiến","TP. Bảo Lộc, Lâm Đồng",522,4,4,2024-09-11,4999000000
520,Giảm tiếp cần  bán gấp nhà La Sơn Phu Tử Phường 6 ĐÀ LẠT,"TP. Đà Lạt, Lâm Đồng",81,3,2,2024-09-11,6200000000
521,Cần bán nhà góc 2 mặt tiền hẻm oto NGÔ THÌ SỸ giao NGÔ THÌ NHẬM,"TP. Đà Lạt, Lâm Đồng",42,4,3,2024-09-10,2450000000
522,"🎯🎯Bán homestay Hẻm 27 Lê Hồng Phong, Phường 4, Tp Đà Lạt. Homestay 3","TP. Đà Lạt, Lâm Đồng",120,1,1,2024-09-10,6800000000
523,"Bán căn nhà đẹp Phường 9, Đà Lạt","TP. Đà Lạt, Lâm Đồng",78,3,2,2024-09-10,3200000000
524,"Bán Nhà Nam Hồ, P11, Đà Lạt  - giá siêu tốt trong khu vực","TP. Đà Lạt, Lâm Đồng",62,5,6,2024-09-10,4600000000
525,Ngộp ngân hàng - Hạ giá cần bán gấp biệt thự p12,"TP. Đà Lạt, Lâm Đồng",200,6,3,2024-09-10,8100000000
526,Biệt thự Vạn Xuân- Đà Lạt 290m2 full xây dựng sở hữu vĩnh viễn,"Huyện Lạc Dương, Lâm Đồng",290,5,5,2024-10-23,11000000000
527,"| 13,5 TỶ | Bán Villa Yersin - Phường 10 - Đà Lạt - Hỗ trợ vay tới 10ỷ","TP. Đà Lạt, Lâm Đồng",110,4,4,2024-09-23,13500000000
528,Villa Sân Vườn Khu Sang trọng Đường Cô Giang Phường 9 Đà Lạt,"TP. Đà Lạt, Lâm Đồng",200,3,3,2024-09-23,14000000000
529,"Cán bán căn Villa như hình gần khu du lịch Hồ Than Thở, P12, Đà Lạt","TP. Đà Lạt, Lâm Đồng",157,3,3,2024-09-19,8700000000
530,Cần bán khách sạn 2 mặt tiền - Ngay trung tâm - Đà Lạt,"TP. Đà Lạt, Lâm Đồng",127,12,12,2024-09-18,19500000000
531,"Cần bán nhà mới xây, Vạn Thành, Phường 5","TP. Đà Lạt, Lâm Đồng",66,3,3,2024-09-18,4600000000
532,"Bán đất tặng nhà đường Ô tô tới nhà, Phường 3, Đà Lạt","TP. Đà Lạt, Lâm Đồng",100,2,1,2024-09-16,6000000000
533,"🌈🌈Bán nhà đường nhựa 5m nguyễn siêu, 2 mặt tiền 7t5!","TP. Đà Lạt, Lâm Đồng",96,5,6,2024-09-14,7500000000
534,"Bán nhà trung tâm thành phố Bảo Lộc, Lộc Tiến","TP. Bảo Lộc, Lâm Đồng",522,4,4,2024-09-11,4999000000
535,Giảm tiếp cần  bán gấp nhà La Sơn Phu Tử Phường 6 ĐÀ LẠT,"TP. Đà Lạt, Lâm Đồng",81,3,2,2024-09-11,6200000000
536,Cần bán nhà góc 2 mặt tiền hẻm oto NGÔ THÌ SỸ giao NGÔ THÌ NHẬM,"TP. Đà Lạt, Lâm Đồng",42,4,3,2024-09-10,2450000000
537,"🎯🎯Bán homestay Hẻm 27 Lê Hồng Phong, Phường 4, Tp Đà Lạt. Homestay 3","TP. Đà Lạt, Lâm Đồng",120,1,1,2024-09-10,6800000000
538,"Bán căn nhà đẹp Phường 9, Đà Lạt","TP. Đà Lạt, Lâm Đồng",78,3,2,2024-09-10,3200000000
539,"Bán Nhà Nam Hồ, P11, Đà Lạt  - giá siêu tốt trong khu vực","TP. Đà Lạt, Lâm Đồng",62,5,6,2024-09-10,4600000000
540,Ngộp ngân hàng - Hạ giá cần bán gấp biệt thự p12,"TP. Đà Lạt, Lâm Đồng",200,6,3,2024-09-10,8100000000
541,Biệt thự Vạn Xuân- Đà Lạt 290m2 full xây dựng sở hữu vĩnh viễn,"Huyện Lạc Dương, Lâm Đồng",290,5,5,2024-10-23,11000000000
542,"| 13,5 TỶ | Bán Villa Yersin - Phường 10 - Đà Lạt - Hỗ trợ vay tới 10ỷ","TP. Đà Lạt, Lâm Đồng",110,4,4,2024-09-23,13500000000
543,Villa Sân Vườn Khu Sang trọng Đường Cô Giang Phường 9 Đà Lạt,"TP. Đà Lạt, Lâm Đồng",200,3,3,2024-09-23,14000000000
544,"Cán bán căn Villa như hình gần khu du lịch Hồ Than Thở, P12, Đà Lạt","TP. Đà Lạt, Lâm Đồng",157,3,3,2024-09-19,8700000000
545,Cần bán khách sạn 2 mặt tiền - Ngay trung tâm - Đà Lạt,"TP. Đà Lạt, Lâm Đồng",127,12,12,2024-09-18,19500000000
546,"Cần bán nhà mới xây, Vạn Thành, Phường 5","TP. Đà Lạt, Lâm Đồng",66,3,3,2024-09-18,4600000000
547,"Bán đất tặng nhà đường Ô tô tới nhà, Phường 3, Đà Lạt","TP. Đà Lạt, Lâm Đồng",100,2,1,2024-09-16,6000000000
548,"🌈🌈Bán nhà đường nhựa 5m nguyễn siêu, 2 mặt tiền 7t5!","TP. Đà Lạt, Lâm Đồng",96,5,6,2024-09-14,7500000000
549,"Bán nhà trung tâm thành phố Bảo Lộc, Lộc Tiến","TP. Bảo Lộc, Lâm Đồng",522,4,4,2024-09-11,4999000000
550,Giảm tiếp cần  bán gấp nhà La Sơn Phu Tử Phường 6 ĐÀ LẠT,"TP. Đà Lạt, Lâm Đồng",81,3,2,2024-09-11,6200000000
551,Cần bán nhà góc 2 mặt tiền hẻm oto NGÔ THÌ SỸ giao NGÔ THÌ NHẬM,"TP. Đà Lạt, Lâm Đồng",42,4,3,2024-09-10,2450000000
552,"🎯🎯Bán homestay Hẻm 27 Lê Hồng Phong, Phường 4, Tp Đà Lạt. Homestay 3","TP. Đà Lạt, Lâm Đồng",120,1,1,2024-09-10,6800000000
553,"Bán căn nhà đẹp Phường 9, Đà Lạt","TP. Đà Lạt, Lâm Đồng",78,3,2,2024-09-10,3200000000
554,"Bán Nhà Nam Hồ, P11, Đà Lạt  - giá siêu tốt trong khu vực","TP. Đà Lạt, Lâm Đồng",62,5,6,2024-09-10,4600000000
555,Ngộp ngân hàng - Hạ giá cần bán gấp biệt thự p12,"TP. Đà Lạt, Lâm Đồng",200,6,3,2024-09-10,8100000000
556,Biệt thự Vạn Xuân- Đà Lạt 290m2 full xây dựng sở hữu vĩnh viễn,"Huyện Lạc Dương, Lâm Đồng",290,5,5,2024-10-23,11000000000
557,"| 13,5 TỶ | Bán Villa Yersin - Phường 10 - Đà Lạt - Hỗ trợ vay tới 10ỷ","TP. Đà Lạt, Lâm Đồng",110,4,4,2024-09-23,13500000000
558,Villa Sân Vườn Khu Sang trọng Đường Cô Giang Phường 9 Đà Lạt,"TP. Đà Lạt, Lâm Đồng",200,3,3,2024-09-23,14000000000
559,"Cán bán căn Villa như hình gần khu du lịch Hồ Than Thở, P12, Đà Lạt","TP. Đà Lạt, Lâm Đồng",157,3,3,2024-09-19,8700000000
560,Cần bán khách sạn 2 mặt tiền - Ngay trung tâm - Đà Lạt,"TP. Đà Lạt, Lâm Đồng",127,12,12,2024-09-18,19500000000
561,"Cần bán nhà mới xây, Vạn Thành, Phường 5","TP. Đà Lạt, Lâm Đồng",66,3,3,2024-09-18,4600000000
562,"Bán đất tặng nhà đường Ô tô tới nhà, Phường 3, Đà Lạt","TP. Đà Lạt, Lâm Đồng",100,2,1,2024-09-16,6000000000
563,"🌈🌈Bán nhà đường nhựa 5m nguyễn siêu, 2 mặt tiền 7t5!","TP. Đà Lạt, Lâm Đồng",96,5,6,2024-09-14,7500000000
564,"Bán nhà trung tâm thành phố Bảo Lộc, Lộc Tiến","TP. Bảo Lộc, Lâm Đồng",522,4,4,2024-09-11,4999000000
565,Giảm tiếp cần  bán gấp nhà La Sơn Phu Tử Phường 6 ĐÀ LẠT,"TP. Đà Lạt, Lâm Đồng",81,3,2,2024-09-11,6200000000
566,Cần bán nhà góc 2 mặt tiền hẻm oto NGÔ THÌ SỸ giao NGÔ THÌ NHẬM,"TP. Đà Lạt, Lâm Đồng",42,4,3,2024-09-10,2450000000
567,"🎯🎯Bán homestay Hẻm 27 Lê Hồng Phong, Phường 4, Tp Đà Lạt. Homestay 3","TP. Đà Lạt, Lâm Đồng",120,1,1,2024-09-10,6800000000
568,"Bán căn nhà đẹp Phường 9, Đà Lạt","TP. Đà Lạt, Lâm Đồng",78,3,2,2024-09-10,3200000000
569,"Bán Nhà Nam Hồ, P11, Đà Lạt  - giá siêu tốt trong khu vực","TP. Đà Lạt, Lâm Đồng",62,5,6,2024-09-10,4600000000
570,Ngộp ngân hàng - Hạ giá cần bán gấp biệt thự p12,"TP. Đà Lạt, Lâm Đồng",200,6,3,2024-09-10,8100000000
571,Biệt thự Vạn Xuân- Đà Lạt 290m2 full xây dựng sở hữu vĩnh viễn,"Huyện Lạc Dương, Lâm Đồng",290,5,5,2024-10-23,11000000000
572,"| 13,5 TỶ | Bán Villa Yersin - Phường 10 - Đà Lạt - Hỗ trợ vay tới 10ỷ","TP. Đà Lạt, Lâm Đồng",110,4,4,2024-09-23,13500000000
573,Villa Sân Vườn Khu Sang trọng Đường Cô Giang Phường 9 Đà Lạt,"TP. Đà Lạt, Lâm Đồng",200,3,3,2024-09-23,14000000000
574,"Cán bán căn Villa như hình gần khu du lịch Hồ Than Thở, P12, Đà Lạt","TP. Đà Lạt, Lâm Đồng",157,3,3,2024-09-19,8700000000
575,Cần bán khách sạn 2 mặt tiền - Ngay trung tâm - Đà Lạt,"TP. Đà Lạt, Lâm Đồng",127,12,12,2024-09-18,19500000000
576,"Cần bán nhà mới xây, Vạn Thành, Phường 5","TP. Đà Lạt, Lâm Đồng",66,3,3,2024-09-18,4600000000
577,"Bán đất tặng nhà đường Ô tô tới nhà, Phường 3, Đà Lạt","TP. Đà Lạt, Lâm Đồng",100,2,1,2024-09-16,6000000000
578,"🌈🌈Bán nhà đường nhựa 5m nguyễn siêu, 2 mặt tiền 7t5!","TP. Đà Lạt, Lâm Đồng",96,5,6,2024-09-14,7500000000
579,"Bán nhà trung tâm thành phố Bảo Lộc, Lộc Tiến","TP. Bảo Lộc, Lâm Đồng",522,4,4,2024-09-11,4999000000
580,Giảm tiếp cần  bán gấp nhà La Sơn Phu Tử Phường 6 ĐÀ LẠT,"TP. Đà Lạt, Lâm Đồng",81,3,2,2024-09-11,6200000000
581,Cần bán nhà góc 2 mặt tiền hẻm oto NGÔ THÌ SỸ giao NGÔ THÌ NHẬM,"TP. Đà Lạt, Lâm Đồng",42,4,3,2024-09-10,2450000000
582,"🎯🎯Bán homestay Hẻm 27 Lê Hồng Phong, Phường 4, Tp Đà Lạt. Homestay 3","TP. Đà Lạt, Lâm Đồng",120,1,1,2024-09-10,6800000000
583,"Bán căn nhà đẹp Phường 9, Đà Lạt","TP. Đà Lạt, Lâm Đồng",78,3,2,2024-09-10,3200000000
584,"Bán Nhà Nam Hồ, P11, Đà Lạt  - giá siêu tốt trong khu vực","TP. Đà Lạt, Lâm Đồng",62,5,6,2024-09-10,4600000000
585,Ngộp ngân hàng - Hạ giá cần bán gấp biệt thự p12,"TP. Đà Lạt, Lâm Đồng",200,6,3,2024-09-10,8100000000
586,Biệt thự Vạn Xuân- Đà Lạt 290m2 full xây dựng sở hữu vĩnh viễn,"Huyện Lạc Dương, Lâm Đồng",290,5,5,2024-10-23,11000000000
587,"| 13,5 TỶ | Bán Villa Yersin - Phường 10 - Đà Lạt - Hỗ trợ vay tới 10ỷ","TP. Đà Lạt, Lâm Đồng",110,4,4,2024-09-23,13500000000
588,Villa Sân Vườn Khu Sang trọng Đường Cô Giang Phường 9 Đà Lạt,"TP. Đà Lạt, Lâm Đồng",200,3,3,2024-09-23,14000000000
589,"Cán bán căn Villa như hình gần khu du lịch Hồ Than Thở, P12, Đà Lạt","TP. Đà Lạt, Lâm Đồng",157,3,3,2024-09-19,8700000000
590,Cần bán khách sạn 2 mặt tiền - Ngay trung tâm - Đà Lạt,"TP. Đà Lạt, Lâm Đồng",127,12,12,2024-09-18,19500000000
591,"Cần bán nhà mới xây, Vạn Thành, Phường 5","TP. Đà Lạt, Lâm Đồng",66,3,3,2024-09-18,4600000000
592,"Bán đất tặng nhà đường Ô tô tới nhà, Phường 3, Đà Lạt","TP. Đà Lạt, Lâm Đồng",100,2,1,2024-09-16,6000000000
593,"🌈🌈Bán nhà đường nhựa 5m nguyễn siêu, 2 mặt tiền 7t5!","TP. Đà Lạt, Lâm Đồng",96,5,6,2024-09-14,7500000000
594,"Bán nhà trung tâm thành phố Bảo Lộc, Lộc Tiến","TP. Bảo Lộc, Lâm Đồng",522,4,4,2024-09-11,4999000000
595,Giảm tiếp cần  bán gấp nhà La Sơn Phu Tử Phường 6 ĐÀ LẠT,"TP. Đà Lạt, Lâm Đồng",81,3,2,2024-09-11,6200000000
596,Cần bán nhà góc 2 mặt tiền hẻm oto NGÔ THÌ SỸ giao NGÔ THÌ NHẬM,"TP. Đà Lạt, Lâm Đồng",42,4,3,2024-09-10,2450000000
597,"🎯🎯Bán homestay Hẻm 27 Lê Hồng Phong, Phường 4, Tp Đà Lạt. Homestay 3","TP. Đà Lạt, Lâm Đồng",120,1,1,2024-09-10,6800000000
598,"Bán căn nhà đẹp Phường 9, Đà Lạt","TP. Đà Lạt, Lâm Đồng",78,3,2,2024-09-10,3200000000
599,"Bán Nhà Nam Hồ, P11, Đà Lạt  - giá siêu tốt trong khu vực","TP. Đà Lạt, Lâm Đồng",62,5,6,2024-09-10,4600000000
600,Ngộp ngân hàng - Hạ giá cần bán gấp biệt thự p12,"TP. Đà Lạt, Lâm Đồng",200,6,3,2024-09-10,8100000000
601,Biệt thự Vạn Xuân- Đà Lạt 290m2 full xây dựng sở hữu vĩnh viễn,"Huyện Lạc Dương, Lâm Đồng",290,5,5,2024-10-23,11000000000
602,"| 13,5 TỶ | Bán Villa Yersin - Phường 10 - Đà Lạt - Hỗ trợ vay tới 10ỷ","TP. Đà Lạt, Lâm Đồng",110,4,4,2024-09-23,13500000000
603,Villa Sân Vườn Khu Sang trọng Đường Cô Giang Phường 9 Đà Lạt,"TP. Đà Lạt, Lâm Đồng",200,3,3,2024-09-23,14000000000
604,"Cán bán căn Villa như hình gần khu du lịch Hồ Than Thở, P12, Đà Lạt","TP. Đà Lạt, Lâm Đồng",157,3,3,2024-09-19,8700000000
605,Cần bán khách sạn 2 mặt tiền - Ngay trung tâm - Đà Lạt,"TP. Đà Lạt, Lâm Đồng",127,12,12,2024-09-18,19500000000
606,"Cần bán nhà mới xây, Vạn Thành, Phường 5","TP. Đà Lạt, Lâm Đồng",66,3,3,2024-09-18,4600000000
607,"Bán đất tặng nhà đường Ô tô tới nhà, Phường 3, Đà Lạt","TP. Đà Lạt, Lâm Đồng",100,2,1,2024-09-16,6000000000
608,"🌈🌈Bán nhà đường nhựa 5m nguyễn siêu, 2 mặt tiền 7t5!","TP. Đà Lạt, Lâm Đồng",96,5,6,2024-09-14,7500000000
609,"Bán nhà trung tâm thành phố Bảo Lộc, Lộc Tiến","TP. Bảo Lộc, Lâm Đồng",522,4,4,2024-09-11,4999000000
610,Giảm tiếp cần  bán gấp nhà La Sơn Phu Tử Phường 6 ĐÀ LẠT,"TP. Đà Lạt, Lâm Đồng",81,3,2,2024-09-11,6200000000
611,Cần bán nhà góc 2 mặt tiền hẻm oto NGÔ THÌ SỸ giao NGÔ THÌ NHẬM,"TP. Đà Lạt, Lâm Đồng",42,4,3,2024-09-10,2450000000
612,"🎯🎯Bán homestay Hẻm 27 Lê Hồng Phong, Phường 4, Tp Đà Lạt. Homestay 3","TP. Đà Lạt, Lâm Đồng",120,1,1,2024-09-10,6800000000
613,"Bán căn nhà đẹp Phường 9, Đà Lạt","TP. Đà Lạt, Lâm Đồng",78,3,2,2024-09-10,3200000000
614,"Bán Nhà Nam Hồ, P11, Đà Lạt  - giá siêu tốt trong khu vực","TP. Đà Lạt, Lâm Đồng",62,5,6,2024-09-10,4600000000
615,Ngộp ngân hàng - Hạ giá cần bán gấp biệt thự p12,"TP. Đà Lạt, Lâm Đồng",200,6,3,2024-09-10,8100000000
616,Biệt thự Vạn Xuân- Đà Lạt 290m2 full xây dựng sở hữu vĩnh viễn,"Huyện Lạc Dương, Lâm Đồng",290,5,5,2024-10-23,11000000000
617,"| 13,5 TỶ | Bán Villa Yersin - Phường 10 - Đà Lạt - Hỗ trợ vay tới 10ỷ","TP. Đà Lạt, Lâm Đồng",110,4,4,2024-09-23,13500000000
618,Villa Sân Vườn Khu Sang trọng Đường Cô Giang Phường 9 Đà Lạt,"TP. Đà Lạt, Lâm Đồng",200,3,3,2024-09-23,14000000000
619,"Cán bán căn Villa như hình gần khu du lịch Hồ Than Thở, P12, Đà Lạt","TP. Đà Lạt, Lâm Đồng",157,3,3,2024-09-19,8700000000
620,Cần bán khách sạn 2 mặt tiền - Ngay trung tâm - Đà Lạt,"TP. Đà Lạt, Lâm Đồng",127,12,12,2024-09-18,19500000000
621,"Cần bán nhà mới xây, Vạn Thành, Phường 5","TP. Đà Lạt, Lâm Đồng",66,3,3,2024-09-18,4600000000
622,"Bán đất tặng nhà đường Ô tô tới nhà, Phường 3, Đà Lạt","TP. Đà Lạt, Lâm Đồng",100,2,1,2024-09-16,6000000000
623,"🌈🌈Bán nhà đường nhựa 5m nguyễn siêu, 2 mặt tiền 7t5!","TP. Đà Lạt, Lâm Đồng",96,5,6,2024-09-14,7500000000
624,"Bán nhà trung tâm thành phố Bảo Lộc, Lộc Tiến","TP. Bảo Lộc, Lâm Đồng",522,4,4,2024-09-11,4999000000
625,Giảm tiếp cần  bán gấp nhà La Sơn Phu Tử Phường 6 ĐÀ LẠT,"TP. Đà Lạt, Lâm Đồng",81,3,2,2024-09-11,6200000000
626,Cần bán nhà góc 2 mặt tiền hẻm oto NGÔ THÌ SỸ giao NGÔ THÌ NHẬM,"TP. Đà Lạt, Lâm Đồng",42,4,3,2024-09-10,2450000000
627,"🎯🎯Bán homestay Hẻm 27 Lê Hồng Phong, Phường 4, Tp Đà Lạt. Homestay 3","TP. Đà Lạt, Lâm Đồng",120,1,1,2024-09-10,6800000000
628,"Bán căn nhà đẹp Phường 9, Đà Lạt","TP. Đà Lạt, Lâm Đồng",78,3,2,2024-09-10,3200000000
629,"Bán Nhà Nam Hồ, P11, Đà Lạt  - giá siêu tốt trong khu vực","TP. Đà Lạt, Lâm Đồng",62,5,6,2024-09-10,4600000000
630,Ngộp ngân hàng - Hạ giá cần bán gấp biệt thự p12,"TP. Đà Lạt, Lâm Đồng",200,6,3,2024-09-10,8100000000
631,Biệt thự Vạn Xuân- Đà Lạt 290m2 full xây dựng sở hữu vĩnh viễn,"Huyện Lạc Dương, Lâm Đồng",290,5,5,2024-10-23,11000000000
632,"| 13,5 TỶ | Bán Villa Yersin - Phường 10 - Đà Lạt - Hỗ trợ vay tới 10ỷ","TP. Đà Lạt, Lâm Đồng",110,4,4,2024-09-23,13500000000
633,Villa Sân Vườn Khu Sang trọng Đường Cô Giang Phường 9 Đà Lạt,"TP. Đà Lạt, Lâm Đồng",200,3,3,2024-09-23,14000000000
634,"Cán bán căn Villa như hình gần khu du lịch Hồ Than Thở, P12, Đà Lạt","TP. Đà Lạt, Lâm Đồng",157,3,3,2024-09-19,8700000000
635,Cần bán khách sạn 2 mặt tiền - Ngay trung tâm - Đà Lạt,"TP. Đà Lạt, Lâm Đồng",127,12,12,2024-09-18,19500000000
636,"Cần bán nhà mới xây, Vạn Thành, Phường 5","TP. Đà Lạt, Lâm Đồng",66,3,3,2024-09-18,4600000000
637,"Bán đất tặng nhà đường Ô tô tới nhà, Phường 3, Đà Lạt","TP. Đà Lạt, Lâm Đồng",100,2,1,2024-09-16,6000000000
638,"🌈🌈Bán nhà đường nhựa 5m nguyễn siêu, 2 mặt tiền 7t5!","TP. Đà Lạt, Lâm Đồng",96,5,6,2024-09-14,7500000000
639,"Bán nhà trung tâm thành phố Bảo Lộc, Lộc Tiến","TP. Bảo Lộc, Lâm Đồng",522,4,4,2024-09-11,4999000000
640,Giảm tiếp cần  bán gấp nhà La Sơn Phu Tử Phường 6 ĐÀ LẠT,"TP. Đà Lạt, Lâm Đồng",81,3,2,2024-09-11,6200000000
641,Cần bán nhà góc 2 mặt tiền hẻm oto NGÔ THÌ SỸ giao NGÔ THÌ NHẬM,"TP. Đà Lạt, Lâm Đồng",42,4,3,2024-09-10,2450000000
642,"🎯🎯Bán homestay Hẻm 27 Lê Hồng Phong, Phường 4, Tp Đà Lạt. Homestay 3","TP. Đà Lạt, Lâm Đồng",120,1,1,2024-09-10,6800000000
643,"Bán căn nhà đẹp Phường 9, Đà Lạt","TP. Đà Lạt, Lâm Đồng",78,3,2,2024-09-10,3200000000
644,"Bán Nhà Nam Hồ, P11, Đà Lạt  - giá siêu tốt trong khu vực","TP. Đà Lạt, Lâm Đồng",62,5,6,2024-09-10,4600000000
645,Ngộp ngân hàng - Hạ giá cần bán gấp biệt thự p12,"TP. Đà Lạt, Lâm Đồng",200,6,3,2024-09-10,8100000000
646,Biệt thự Vạn Xuân- Đà Lạt 290m2 full xây dựng sở hữu vĩnh viễn,"Huyện Lạc Dương, Lâm Đồng",290,5,5,2024-10-23,11000000000
647,"| 13,5 TỶ | Bán Villa Yersin - Phường 10 - Đà Lạt - Hỗ trợ vay tới 10ỷ","TP. Đà Lạt, Lâm Đồng",110,4,4,2024-09-23,13500000000
648,Villa Sân Vườn Khu Sang trọng Đường Cô Giang Phường 9 Đà Lạt,"TP. Đà Lạt, Lâm Đồng",200,3,3,2024-09-23,14000000000
649,"Cán bán căn Villa như hình gần khu du lịch Hồ Than Thở, P12, Đà Lạt","TP. Đà Lạt, Lâm Đồng",157,3,3,2024-09-19,8700000000
650,Cần bán khách sạn 2 mặt tiền - Ngay trung tâm - Đà Lạt,"TP. Đà Lạt, Lâm Đồng",127,12,12,2024-09-18,19500000000
651,"Cần bán nhà mới xây, Vạn Thành, Phường 5","TP. Đà Lạt, Lâm Đồng",66,3,3,2024-09-18,4600000000
652,"Bán đất tặng nhà đường Ô tô tới nhà, Phường 3, Đà Lạt","TP. Đà Lạt, Lâm Đồng",100,2,1,2024-09-16,6000000000
653,"🌈🌈Bán nhà đường nhựa 5m nguyễn siêu, 2 mặt tiền 7t5!","TP. Đà Lạt, Lâm Đồng",96,5,6,2024-09-14,7500000000
654,"Bán nhà trung tâm thành phố Bảo Lộc, Lộc Tiến","TP. Bảo Lộc, Lâm Đồng",522,4,4,2024-09-11,4999000000
655,Giảm tiếp cần  bán gấp nhà La Sơn Phu Tử Phường 6 ĐÀ LẠT,"TP. Đà Lạt, Lâm Đồng",81,3,2,2024-09-11,6200000000
656,Cần bán nhà góc 2 mặt tiền hẻm oto NGÔ THÌ SỸ giao NGÔ THÌ NHẬM,"TP. Đà Lạt, Lâm Đồng",42,4,3,2024-09-10,2450000000
657,"🎯🎯Bán homestay Hẻm 27 Lê Hồng Phong, Phường 4, Tp Đà Lạt. Homestay 3","TP. Đà Lạt, Lâm Đồng",120,1,1,2024-09-10,6800000000
658,"Bán căn nhà đẹp Phường 9, Đà Lạt","TP. Đà Lạt, Lâm Đồng",78,3,2,2024-09-10,3200000000
659,"Bán Nhà Nam Hồ, P11, Đà Lạt  - giá siêu tốt trong khu vực","TP. Đà Lạt, Lâm Đồng",62,5,6,2024-09-10,4600000000
660,Ngộp ngân hàng - Hạ giá cần bán gấp biệt thự p12,"TP. Đà Lạt, Lâm Đồng",200,6,3,2024-09-10,8100000000
661,Biệt thự Vạn Xuân- Đà Lạt 290m2 full xây dựng sở hữu vĩnh viễn,"Huyện Lạc Dương, Lâm Đồng",290,5,5,2024-10-23,11000000000
662,"| 13,5 TỶ | Bán Villa Yersin - Phường 10 - Đà Lạt - Hỗ trợ vay tới 10ỷ","TP. Đà Lạt, Lâm Đồng",110,4,4,2024-09-23,13500000000
663,Villa Sân Vườn Khu Sang trọng Đường Cô Giang Phường 9 Đà Lạt,"TP. Đà Lạt, Lâm Đồng",200,3,3,2024-09-23,14000000000
664,"Cán bán căn Villa như hình gần khu du lịch Hồ Than Thở, P12, Đà Lạt","TP. Đà Lạt, Lâm Đồng",157,3,3,2024-09-19,8700000000
665,Cần bán khách sạn 2 mặt tiền - Ngay trung tâm - Đà Lạt,"TP. Đà Lạt, Lâm Đồng",127,12,12,2024-09-18,19500000000
666,"Cần bán nhà mới xây, Vạn Thành, Phường 5","TP. Đà Lạt, Lâm Đồng",66,3,3,2024-09-18,4600000000
667,"Bán đất tặng nhà đường Ô tô tới nhà, Phường 3, Đà Lạt","TP. Đà Lạt, Lâm Đồng",100,2,1,2024-09-16,6000000000
668,"🌈🌈Bán nhà đường nhựa 5m nguyễn siêu, 2 mặt tiền 7t5!","TP. Đà Lạt, Lâm Đồng",96,5,6,2024-09-14,7500000000
669,"Bán nhà trung tâm thành phố Bảo Lộc, Lộc Tiến","TP. Bảo Lộc, Lâm Đồng",522,4,4,2024-09-11,4999000000
670,Giảm tiếp cần  bán gấp nhà La Sơn Phu Tử Phường 6 ĐÀ LẠT,"TP. Đà Lạt, Lâm Đồng",81,3,2,2024-09-11,6200000000
671,Cần bán nhà góc 2 mặt tiền hẻm oto NGÔ THÌ SỸ giao NGÔ THÌ NHẬM,"TP. Đà Lạt, Lâm Đồng",42,4,3,2024-09-10,2450000000
672,"🎯🎯Bán homestay Hẻm 27 Lê Hồng Phong, Phường 4, Tp Đà Lạt. Homestay 3","TP. Đà Lạt, Lâm Đồng",120,1,1,2024-09-10,6800000000
673,"Bán căn nhà đẹp Phường 9, Đà Lạt","TP. Đà Lạt, Lâm Đồng",78,3,2,2024-09-10,3200000000
674,"Bán Nhà Nam Hồ, P11, Đà Lạt  - giá siêu tốt trong khu vực","TP. Đà Lạt, Lâm Đồng",62,5,6,2024-09-10,4600000000
675,Ngộp ngân hàng - Hạ giá cần bán gấp biệt thự p12,"TP. Đà Lạt, Lâm Đồng",200,6,3,2024-09-10,8100000000
676,Biệt thự Vạn Xuân- Đà Lạt 290m2 full xây dựng sở hữu vĩnh viễn,"Huyện Lạc Dương, Lâm Đồng",290,5,5,2024-10-23,11000000000
677,"| 13,5 TỶ | Bán Villa Yersin - Phường 10 - Đà Lạt - Hỗ trợ vay tới 10ỷ","TP. Đà Lạt, Lâm Đồng",110,4,4,2024-09-23,13500000000
678,Villa Sân Vườn Khu Sang trọng Đường Cô Giang Phường 9 Đà Lạt,"TP. Đà Lạt, Lâm Đồng",200,3,3,2024-09-23,14000000000
679,"Cán bán căn Villa như hình gần khu du lịch Hồ Than Thở, P12, Đà Lạt","TP. Đà Lạt, Lâm Đồng",157,3,3,2024-09-19,8700000000
680,Cần bán khách sạn 2 mặt tiền - Ngay trung tâm - Đà Lạt,"TP. Đà Lạt, Lâm Đồng",127,12,12,2024-09-18,19500000000
681,"Cần bán nhà mới xây, Vạn Thành, Phường 5","TP. Đà Lạt, Lâm Đồng",66,3,3,2024-09-18,4600000000
682,"Bán đất tặng nhà đường Ô tô tới nhà, Phường 3, Đà Lạt","TP. Đà Lạt, Lâm Đồng",100,2,1,2024-09-16,6000000000
683,"🌈🌈Bán nhà đường nhựa 5m nguyễn siêu, 2 mặt tiền 7t5!","TP. Đà Lạt, Lâm Đồng",96,5,6,2024-09-14,7500000000
684,"Bán nhà trung tâm thành phố Bảo Lộc, Lộc Tiến","TP. Bảo Lộc, Lâm Đồng",522,4,4,2024-09-11,4999000000
685,Giảm tiếp cần  bán gấp nhà La Sơn Phu Tử Phường 6 ĐÀ LẠT,"TP. Đà Lạt, Lâm Đồng",81,3,2,2024-09-11,6200000000
686,Cần bán nhà góc 2 mặt tiền hẻm oto NGÔ THÌ SỸ giao NGÔ THÌ NHẬM,"TP. Đà Lạt, Lâm Đồng",42,4,3,2024-09-10,2450000000
687,"🎯🎯Bán homestay Hẻm 27 Lê Hồng Phong, Phường 4, Tp Đà Lạt. Homestay 3","TP. Đà Lạt, Lâm Đồng",120,1,1,2024-09-10,6800000000
688,"Bán căn nhà đẹp Phường 9, Đà Lạt","TP. Đà Lạt, Lâm Đồng",78,3,2,2024-09-10,3200000000
689,"Bán Nhà Nam Hồ, P11, Đà Lạt  - giá siêu tốt trong khu vực","TP. Đà Lạt, Lâm Đồng",62,5,6,2024-09-10,4600000000
690,Ngộp ngân hàng - Hạ giá cần bán gấp biệt thự p12,"TP. Đà Lạt, Lâm Đồng",200,6,3,2024-09-10,8100000000
691,Biệt thự Vạn Xuân- Đà Lạt 290m2 full xây dựng sở hữu vĩnh viễn,"Huyện Lạc Dương, Lâm Đồng",290,5,5,2024-10-23,11000000000
692,"| 13,5 TỶ | Bán Villa Yersin - Phường 10 - Đà Lạt - Hỗ trợ vay tới 10ỷ","TP. Đà Lạt, Lâm Đồng",110,4,4,2024-09-23,13500000000
693,Villa Sân Vườn Khu Sang trọng Đường Cô Giang Phường 9 Đà Lạt,"TP. Đà Lạt, Lâm Đồng",200,3,3,2024-09-23,14000000000
694,"Cán bán căn Villa như hình gần khu du lịch Hồ Than Thở, P12, Đà Lạt","TP. Đà Lạt, Lâm Đồng",157,3,3,2024-09-19,8700000000
695,Cần bán khách sạn 2 mặt tiền - Ngay trung tâm - Đà Lạt,"TP. Đà Lạt, Lâm Đồng",127,12,12,2024-09-18,19500000000
696,"Cần bán nhà mới xây, Vạn Thành, Phường 5","TP. Đà Lạt, Lâm Đồng",66,3,3,2024-09-18,4600000000
697,"Bán đất tặng nhà đường Ô tô tới nhà, Phường 3, Đà Lạt","TP. Đà Lạt, Lâm Đồng",100,2,1,2024-09-16,6000000000
698,"🌈🌈Bán nhà đường nhựa 5m nguyễn siêu, 2 mặt tiền 7t5!","TP. Đà Lạt, Lâm Đồng",96,5,6,2024-09-14,7500000000
699,"Bán nhà trung tâm thành phố Bảo Lộc, Lộc Tiến","TP. Bảo Lộc, Lâm Đồng",522,4,4,2024-09-11,4999000000
700,Giảm tiếp cần  bán gấp nhà La Sơn Phu Tử Phường 6 ĐÀ LẠT,"TP. Đà Lạt, Lâm Đồng",81,3,2,2024-09-11,6200000000
701,Cần bán nhà góc 2 mặt tiền hẻm oto NGÔ THÌ SỸ giao NGÔ THÌ NHẬM,"TP. Đà Lạt, Lâm Đồng",42,4,3,2024-09-10,2450000000
702,"🎯🎯Bán homestay Hẻm 27 Lê Hồng Phong, Phường 4, Tp Đà Lạt. Homestay 3","TP. Đà Lạt, Lâm Đồng",120,1,1,2024-09-10,6800000000
703,"Bán căn nhà đẹp Phường 9, Đà Lạt","TP. Đà Lạt, Lâm Đồng",78,3,2,2024-09-10,3200000000
704,"Bán Nhà Nam Hồ, P11, Đà Lạt  - giá siêu tốt trong khu vực","TP. Đà Lạt, Lâm Đồng",62,5,6,2024-09-10,4600000000
705,Ngộp ngân hàng - Hạ giá cần bán gấp biệt thự p12,"TP. Đà Lạt, Lâm Đồng",200,6,3,2024-09-10,8100000000
706,Biệt thự Vạn Xuân- Đà Lạt 290m2 full xây dựng sở hữu vĩnh viễn,"Huyện Lạc Dương, Lâm Đồng",290,5,5,2024-10-23,11000000000
707,"| 13,5 TỶ | Bán Villa Yersin - Phường 10 - Đà Lạt - Hỗ trợ vay tới 10ỷ","TP. Đà Lạt, Lâm Đồng",110,4,4,2024-09-23,13500000000
708,Villa Sân Vườn Khu Sang trọng Đường Cô Giang Phường 9 Đà Lạt,"TP. Đà Lạt, Lâm Đồng",200,3,3,2024-09-23,14000000000
709,"Cán bán căn Villa như hình gần khu du lịch Hồ Than Thở, P12, Đà Lạt","TP. Đà Lạt, Lâm Đồng",157,3,3,2024-09-19,8700000000
710,Cần bán khách sạn 2 mặt tiền - Ngay trung tâm - Đà Lạt,"TP. Đà Lạt, Lâm Đồng",127,12,12,2024-09-18,19500000000
711,"Cần bán nhà mới xây, Vạn Thành, Phường 5","TP. Đà Lạt, Lâm Đồng",66,3,3,2024-09-18,4600000000
712,"Bán đất tặng nhà đường Ô tô tới nhà, Phường 3, Đà Lạt","TP. Đà Lạt, Lâm Đồng",100,2,1,2024-09-16,6000000000
713,"🌈🌈Bán nhà đường nhựa 5m nguyễn siêu, 2 mặt tiền 7t5!","TP. Đà Lạt, Lâm Đồng",96,5,6,2024-09-14,7500000000
714,"Bán nhà trung tâm thành phố Bảo Lộc, Lộc Tiến","TP. Bảo Lộc, Lâm Đồng",522,4,4,2024-09-11,4999000000
715,Giảm tiếp cần  bán gấp nhà La Sơn Phu Tử Phường 6 ĐÀ LẠT,"TP. Đà Lạt, Lâm Đồng",81,3,2,2024-09-11,6200000000
716,Cần bán nhà góc 2 mặt tiền hẻm oto NGÔ THÌ SỸ giao NGÔ THÌ NHẬM,"TP. Đà Lạt, Lâm Đồng",42,4,3,2024-09-10,2450000000
717,"🎯🎯Bán homestay Hẻm 27 Lê Hồng Phong, Phường 4, Tp Đà Lạt. Homestay 3","TP. Đà Lạt, Lâm Đồng",120,1,1,2024-09-10,6800000000
718,"Bán căn nhà đẹp Phường 9, Đà Lạt","TP. Đà Lạt, Lâm Đồng",78,3,2,2024-09-10,3200000000
719,"Bán Nhà Nam Hồ, P11, Đà Lạt  - giá siêu tốt trong khu vực","TP. Đà Lạt, Lâm Đồng",62,5,6,2024-09-10,4600000000
720,Ngộp ngân hàng - Hạ giá cần bán gấp biệt thự p12,"TP. Đà Lạt, Lâm Đồng",200,6,3,2024-09-10,8100000000
721,Biệt thự Vạn Xuân- Đà Lạt 290m2 full xây dựng sở hữu vĩnh viễn,"Huyện Lạc Dương, Lâm Đồng",290,5,5,2024-10-23,11000000000
722,"| 13,5 TỶ | Bán Villa Yersin - Phường 10 - Đà Lạt - Hỗ trợ vay tới 10ỷ","TP. Đà Lạt, Lâm Đồng",110,4,4,2024-09-23,13500000000
723,Villa Sân Vườn Khu Sang trọng Đường Cô Giang Phường 9 Đà Lạt,"TP. Đà Lạt, Lâm Đồng",200,3,3,2024-09-23,14000000000
724,"Cán bán căn Villa như hình gần khu du lịch Hồ Than Thở, P12, Đà Lạt","TP. Đà Lạt, Lâm Đồng",157,3,3,2024-09-19,8700000000
725,Cần bán khách sạn 2 mặt tiền - Ngay trung tâm - Đà Lạt,"TP. Đà Lạt, Lâm Đồng",127,12,12,2024-09-18,19500000000
726,"Cần bán nhà mới xây, Vạn Thành, Phường 5","TP. Đà Lạt, Lâm Đồng",66,3,3,2024-09-18,4600000000
727,"Bán đất tặng nhà đường Ô tô tới nhà, Phường 3, Đà Lạt","TP. Đà Lạt, Lâm Đồng",100,2,1,2024-09-16,6000000000
728,"🌈🌈Bán nhà đường nhựa 5m nguyễn siêu, 2 mặt tiền 7t5!","TP. Đà Lạt, Lâm Đồng",96,5,6,2024-09-14,7500000000
729,"Bán nhà trung tâm thành phố Bảo Lộc, Lộc Tiến","TP. Bảo Lộc, Lâm Đồng",522,4,4,2024-09-11,4999000000
730,Giảm tiếp cần  bán gấp nhà La Sơn Phu Tử Phường 6 ĐÀ LẠT,"TP. Đà Lạt, Lâm Đồng",81,3,2,2024-09-11,6200000000
731,Cần bán nhà góc 2 mặt tiền hẻm oto NGÔ THÌ SỸ giao NGÔ THÌ NHẬM,"TP. Đà Lạt, Lâm Đồng",42,4,3,2024-09-10,2450000000
732,"🎯🎯Bán homestay Hẻm 27 Lê Hồng Phong, Phường 4, Tp Đà Lạt. Homestay 3","TP. Đà Lạt, Lâm Đồng",120,1,1,2024-09-10,6800000000
733,"Bán căn nhà đẹp Phường 9, Đà Lạt","TP. Đà Lạt, Lâm Đồng",78,3,2,2024-09-10,3200000000
734,"Bán Nhà Nam Hồ, P11, Đà Lạt  - giá siêu tốt trong khu vực","TP. Đà Lạt, Lâm Đồng",62,5,6,2024-09-10,4600000000
735,Ngộp ngân hàng - Hạ giá cần bán gấp biệt thự p12,"TP. Đà Lạt, Lâm Đồng",200,6,3,2024-09-10,8100000000
